0   ,0,0,0  ,0  ,0  ,0 ,0 ,0 ,0 ,0 ,0,0,0 ,0,0 ,0 ,0 ,0 ,0 ,0 ,0 ,0 ,0 ,0 ,0 ,0 ,0 ,0 ,0 ,0 ,0 ,0 ,0,0 ,0 ,0 ,0 ,0 ,0 ,0 ,0 ,0 ,0 ,0,0,0 ,0 ,0,0 ,0 ,0 ,0,0 ,0 ,0 ,0 ,0 ,0 ,0 ,0 ,0 ,0  ,0 ,0,0,0,0,0,0,0,0,0,0,0 ,0 ,0 ,0 ,0 ,0 ,0 ,0 ,0 ,0,0 ,0,0 ,0,0,0 ,0 ,0 ,0,0 ,0 ,0 ,0 ,0 ,0 ,0 ,0 ,0 ,0 ,0 ,0 ,0 ,0 ,0 ,0 ,0 ,0 ,0 ,0 ,0 ,0  ,0  ,0  ,0 ,0 ,0 ,0 ,0 ,0  ,0  ,0 ,0 ,0 ,0 ,0  ,0 ,0 ,0  ,0  ,0  ,0  ,0  ,0  ,0  ,0  ,0  ,0  ,0  ,0  ,0  ,0  ,0  ,0  ,0  ,0  ,0  ,0   ,0   ,0   ,0   ,0   ,0   ,0   ,0   ,0   ,0  ,0  ,0  ,0   ,0   ,0   ,0   ,0   ,0   ,0   ,0   ,0   ,0   ,0   ,0  ,0  ,0  ,0   ,0  ,0  ,0  ,0  ,0  ,0  ,0  ,0  ,0  ,0   ,0  ,0  ,0  ,0  ,0   ,0   ,0   ,0   ,0  ,0  ,0   ,0  ,0  ,0  ,0    ,0  ,0  ,0   ,0  ,0   ,0   ,0  ,0  ,0   ,0  ,0   ,0   ,0   ,0   ,0   ,0  ,0   ,0   ,0  ,0   ,0   ,0   ,0   ,0   ,0   ,0   ,0   ,0  ,0   ,0   ,0   ,0   ,0   ,0   ,0   ,0   ,0   ,0   ,0   ,0   ,0   ,0   ,0   ,0   ,0   ,0   ,0   ,0   ,72  ,5   ,1   ,0    ,5    ,0
0   ,0,0,0  ,0  ,0  ,0 ,0 ,0 ,0 ,0 ,0,0,0 ,0,0 ,0 ,0 ,0 ,0 ,0 ,0 ,0 ,0 ,0 ,0 ,0 ,0 ,0 ,0 ,0 ,0 ,0 ,0,0 ,0 ,0 ,0 ,0 ,0 ,0 ,0 ,0 ,0 ,0,0,0 ,0 ,0,0 ,0 ,0 ,0,0 ,0 ,0 ,0 ,0 ,0 ,0 ,0 ,0 ,0  ,0 ,0,0,0,0,0,0,0,0,0,0,0 ,0 ,0 ,0 ,0 ,0 ,0 ,0 ,0 ,0,0 ,0,0 ,0,0,0 ,0 ,0 ,0,0 ,0 ,0 ,0 ,0 ,0 ,0 ,0 ,0 ,0 ,0 ,0 ,0 ,0 ,0 ,0 ,0 ,0 ,0 ,0 ,0 ,0  ,0  ,0  ,0 ,0 ,0 ,0 ,0 ,0  ,0  ,0 ,0 ,0 ,0 ,0  ,0 ,0 ,0  ,0  ,0  ,0  ,0  ,0  ,0  ,0  ,0  ,0  ,0  ,0  ,0  ,0  ,0  ,0  ,0  ,0  ,0  ,0   ,0   ,0   ,0   ,0   ,0   ,0   ,0   ,0   ,0  ,0  ,0  ,0   ,0   ,0   ,0   ,0   ,0   ,0   ,0   ,0   ,0   ,0   ,0  ,0  ,0  ,0   ,0  ,0  ,0  ,0  ,0  ,0  ,0  ,0  ,0  ,0   ,0  ,0  ,0  ,0  ,0   ,0   ,0   ,0   ,0  ,0  ,0   ,0  ,0  ,0  ,0    ,0  ,0  ,0   ,0  ,0   ,0   ,0  ,0  ,0   ,0  ,0   ,0   ,0   ,0   ,0   ,0  ,0   ,0   ,0  ,0   ,0   ,0   ,0   ,0   ,0   ,0   ,0   ,0  ,0   ,0   ,0   ,0   ,0   ,0   ,0   ,0   ,0   ,0   ,0   ,0   ,0   ,0   ,0   ,0   ,0   ,0   ,0   ,38  ,149 ,53  ,111 ,385  ,279  ,0
0   ,0,0,0  ,0  ,0  ,0 ,0 ,0 ,0 ,0 ,0,0,0 ,0,0 ,0 ,0 ,0 ,0 ,0 ,0 ,0 ,0 ,0 ,0 ,0 ,0 ,0 ,0 ,0 ,0 ,0 ,0,0 ,0 ,0 ,0 ,0 ,0 ,0 ,0 ,0 ,0 ,0,0,0 ,0 ,0,0 ,0 ,0 ,0,0 ,0 ,0 ,0 ,0 ,0 ,0 ,0 ,0 ,0  ,0 ,0,0,0,0,0,0,0,0,0,0,0 ,0 ,0 ,0 ,0 ,0 ,0 ,0 ,0 ,0,0 ,0,0 ,0,0,0 ,0 ,0 ,0,0 ,0 ,0 ,0 ,0 ,0 ,0 ,0 ,0 ,0 ,0 ,0 ,0 ,0 ,0 ,0 ,0 ,0 ,0 ,0 ,0 ,0  ,0  ,0  ,0 ,0 ,0 ,0 ,0 ,0  ,0  ,0 ,0 ,0 ,0 ,0  ,0 ,0 ,0  ,0  ,0  ,0  ,0  ,0  ,0  ,0  ,0  ,0  ,0  ,0  ,0  ,0  ,0  ,0  ,0  ,0  ,0  ,0   ,0   ,0   ,0   ,0   ,0   ,0   ,0   ,0   ,0  ,0  ,0  ,0   ,0   ,0   ,0   ,0   ,0   ,0   ,0   ,0   ,0   ,0   ,0  ,0  ,0  ,0   ,0  ,0  ,0  ,0  ,0  ,0  ,0  ,0  ,0  ,0   ,0  ,0  ,0  ,0  ,0   ,0   ,0   ,0   ,0  ,0  ,0   ,0  ,0  ,0  ,0    ,0  ,0  ,128 ,485,250 ,263 ,672,513,1403,433,451 ,571 ,771 ,1004,622 ,854,1265,1185,532,1028,828 ,453 ,347 ,138 ,19  ,120 ,3   ,0  ,0   ,0   ,0   ,0   ,0   ,0   ,0   ,0   ,0   ,0   ,0   ,0   ,0   ,0   ,0   ,0   ,0   ,0   ,0   ,0   ,0   ,0   ,0   ,0    ,0    ,0
0   ,0,0,0  ,0  ,0  ,0 ,0 ,0 ,0 ,0 ,0,0,0 ,0,0 ,0 ,0 ,0 ,0 ,0 ,0 ,0 ,0 ,0 ,0 ,0 ,0 ,0 ,0 ,0 ,0 ,0 ,0,0 ,0 ,0 ,0 ,0 ,0 ,0 ,0 ,0 ,0 ,0,0,0 ,0 ,0,0 ,0 ,0 ,0,0 ,0 ,0 ,0 ,0 ,0 ,0 ,0 ,0 ,0  ,0 ,0,0,0,0,0,0,0,0,0,0,0 ,0 ,0 ,0 ,0 ,0 ,0 ,0 ,0 ,0,0 ,0,0 ,0,0,0 ,0 ,0 ,0,0 ,0 ,0 ,0 ,0 ,0 ,0 ,0 ,0 ,0 ,0 ,0 ,0 ,0 ,0 ,0 ,0 ,0 ,0 ,0 ,0 ,0  ,0  ,0  ,0 ,0 ,0 ,0 ,0 ,0  ,0  ,0 ,0 ,0 ,0 ,0  ,0 ,0 ,0  ,0  ,0  ,0  ,0  ,0  ,0  ,0  ,0  ,0  ,0  ,0  ,0  ,0  ,0  ,0  ,0  ,0  ,0  ,0   ,0   ,0   ,0   ,0   ,0   ,0   ,0   ,0   ,0  ,0  ,0  ,0   ,0   ,0   ,0   ,0   ,0   ,0   ,0   ,0   ,0   ,0   ,0  ,0  ,0  ,0   ,0  ,0  ,0  ,0  ,0  ,0  ,0  ,0  ,0  ,0   ,0  ,0  ,0  ,0  ,0   ,0   ,0   ,0   ,0  ,1  ,5   ,0  ,113,415,530  ,387,280,1322,754,414 ,899 ,471,585,668 ,833,1231,1167,699 ,847 ,812 ,895,486 ,152 ,138,7   ,0   ,0   ,0   ,0   ,0   ,0   ,0   ,0  ,0   ,0   ,0   ,0   ,0   ,0   ,0   ,0   ,0   ,0   ,0   ,0   ,0   ,0   ,0   ,0   ,0   ,0   ,0   ,0   ,0   ,0   ,0   ,0    ,0    ,0
0   ,0,0,0  ,0  ,0  ,0 ,0 ,0 ,0 ,0 ,0,0,0 ,0,0 ,0 ,0 ,0 ,0 ,0 ,0 ,0 ,0 ,0 ,0 ,0 ,0 ,0 ,0 ,0 ,0 ,0 ,0,0 ,0 ,0 ,0 ,0 ,0 ,0 ,0 ,0 ,0 ,0,0,0 ,0 ,0,0 ,0 ,0 ,0,0 ,0 ,0 ,0 ,0 ,0 ,0 ,0 ,0 ,0  ,0 ,0,0,0,0,0,0,0,0,0,0,0 ,0 ,0 ,0 ,0 ,0 ,0 ,0 ,0 ,0,0 ,0,0 ,0,0,0 ,0 ,0 ,0,0 ,0 ,0 ,0 ,0 ,0 ,0 ,0 ,0 ,0 ,0 ,0 ,0 ,0 ,0 ,0 ,0 ,0 ,0 ,0 ,0 ,0  ,0  ,0  ,0 ,0 ,0 ,0 ,0 ,0  ,0  ,0 ,0 ,0 ,0 ,0  ,0 ,0 ,0  ,0  ,0  ,0  ,0  ,0  ,0  ,0  ,0  ,0  ,0  ,0  ,0  ,0  ,0  ,0  ,0  ,0  ,0  ,0   ,0   ,0   ,0   ,0   ,0   ,0   ,0   ,0   ,0  ,0  ,0  ,0   ,0   ,0   ,0   ,0   ,0   ,0   ,0   ,0   ,0   ,0   ,0  ,0  ,0  ,0   ,0  ,0  ,0  ,0  ,0  ,0  ,0  ,0  ,0  ,0   ,0  ,0  ,0  ,0  ,0   ,0   ,0   ,0   ,0  ,0  ,0   ,0  ,2  ,3  ,3    ,3  ,1  ,16  ,10 ,15  ,7   ,5  ,12 ,15  ,68 ,79  ,445 ,1128,464 ,1822,191,251 ,312 ,933,682 ,215 ,1130,280 ,490 ,545 ,2737,1053,856,1730,368 ,51  ,22  ,6   ,0   ,0   ,0   ,0   ,0   ,0   ,0   ,0   ,0   ,0   ,0   ,0   ,0   ,0   ,0   ,0   ,0   ,0   ,0    ,0    ,0
0   ,0,0,0  ,0  ,0  ,0 ,0 ,0 ,0 ,0 ,0,0,0 ,0,0 ,0 ,0 ,0 ,0 ,0 ,0 ,0 ,0 ,0 ,0 ,0 ,0 ,0 ,0 ,0 ,0 ,0 ,0,0 ,0 ,0 ,0 ,0 ,0 ,0 ,0 ,0 ,0 ,0,0,0 ,0 ,0,0 ,0 ,0 ,0,0 ,0 ,0 ,0 ,0 ,0 ,0 ,0 ,0 ,0  ,0 ,0,0,0,0,0,0,0,0,0,0,0 ,0 ,0 ,0 ,0 ,0 ,0 ,0 ,0 ,0,0 ,0,0 ,0,0,0 ,0 ,0 ,0,0 ,0 ,0 ,0 ,0 ,0 ,0 ,0 ,0 ,0 ,0 ,0 ,0 ,0 ,0 ,0 ,0 ,0 ,0 ,0 ,0 ,0  ,0  ,0  ,0 ,0 ,0 ,0 ,0 ,0  ,0  ,0 ,0 ,0 ,0 ,0  ,0 ,0 ,0  ,0  ,0  ,0  ,0  ,0  ,0  ,0  ,0  ,0  ,0  ,0  ,0  ,0  ,0  ,0  ,0  ,0  ,0  ,0   ,0   ,0   ,0   ,0   ,0   ,0   ,0   ,0   ,0  ,0  ,0  ,0   ,0   ,0   ,0   ,0   ,0   ,0   ,0   ,0   ,0   ,0   ,0  ,0  ,0  ,0   ,0  ,0  ,0  ,0  ,0  ,0  ,0  ,0  ,0  ,0   ,0  ,0  ,0  ,0  ,0   ,0   ,0   ,0   ,0  ,0  ,0   ,0  ,0  ,0  ,0    ,0  ,0  ,0   ,0  ,0   ,3   ,1  ,5  ,7   ,6  ,39  ,20  ,9   ,10  ,7   ,9  ,36  ,53  ,142,159 ,542 ,1923,1422,281 ,362 ,292 ,290 ,813,834 ,1029,613 ,799 ,413 ,2414,1369,501 ,374 ,739 ,1270,81  ,67  ,37  ,47  ,162 ,101 ,80  ,4   ,0   ,0   ,0   ,0   ,0    ,0    ,0
0   ,0,0,0  ,0  ,0  ,0 ,0 ,0 ,0 ,0 ,0,0,0 ,0,0 ,0 ,0 ,0 ,0 ,0 ,0 ,0 ,0 ,0 ,0 ,0 ,0 ,0 ,0 ,0 ,0 ,0 ,0,0 ,0 ,0 ,0 ,0 ,0 ,0 ,0 ,0 ,0 ,0,0,0 ,0 ,0,0 ,0 ,0 ,0,0 ,0 ,0 ,0 ,0 ,0 ,0 ,0 ,0 ,0  ,0 ,0,0,0,0,0,0,0,0,0,0,0 ,0 ,0 ,0 ,0 ,0 ,0 ,0 ,0 ,0,0 ,0,0 ,0,0,0 ,0 ,0 ,0,0 ,0 ,0 ,0 ,0 ,0 ,0 ,0 ,0 ,0 ,0 ,0 ,0 ,0 ,0 ,0 ,0 ,0 ,0 ,0 ,0 ,0  ,0  ,0  ,0 ,0 ,0 ,0 ,0 ,0  ,0  ,0 ,0 ,0 ,0 ,0  ,0 ,0 ,0  ,0  ,0  ,0  ,0  ,0  ,0  ,0  ,0  ,0  ,0  ,0  ,0  ,0  ,0  ,0  ,0  ,0  ,0  ,0   ,0   ,0   ,0   ,0   ,0   ,0   ,0   ,0   ,0  ,0  ,0  ,0   ,0   ,0   ,0   ,0   ,0   ,0   ,0   ,0   ,0   ,0   ,0  ,0  ,0  ,0   ,0  ,0  ,0  ,0  ,0  ,0  ,0  ,0  ,0  ,0   ,0  ,0  ,0  ,0  ,0   ,0   ,0   ,0   ,0  ,0  ,0   ,0  ,0  ,0  ,0    ,0  ,0  ,0   ,0  ,0   ,0   ,0  ,0  ,0   ,0  ,0   ,0   ,0   ,0   ,0   ,0  ,0   ,0   ,0  ,0   ,0   ,0   ,0   ,0   ,188 ,1183,583 ,599,1599,490 ,413 ,735 ,748 ,756 ,367 ,148 ,645 ,554 ,878 ,406 ,1255,1274,1339,582 ,1308,1245,583 ,303 ,16  ,37  ,92  ,0    ,0    ,0
0   ,0,0,0  ,0  ,0  ,0 ,0 ,0 ,0 ,0 ,0,0,0 ,0,0 ,0 ,0 ,0 ,0 ,0 ,0 ,0 ,0 ,0 ,0 ,0 ,0 ,0 ,0 ,0 ,0 ,0 ,0,0 ,0 ,0 ,0 ,0 ,0 ,0 ,0 ,0 ,0 ,0,0,0 ,0 ,0,0 ,0 ,0 ,0,0 ,0 ,0 ,0 ,0 ,0 ,0 ,0 ,0 ,0  ,0 ,0,0,0,0,0,0,0,0,0,0,0 ,0 ,0 ,0 ,0 ,0 ,0 ,0 ,0 ,0,0 ,0,0 ,0,0,0 ,0 ,0 ,0,0 ,0 ,0 ,0 ,0 ,0 ,0 ,0 ,0 ,0 ,0 ,0 ,0 ,0 ,0 ,0 ,0 ,0 ,0 ,0 ,0 ,0  ,0  ,0  ,0 ,0 ,0 ,0 ,0 ,0  ,0  ,0 ,0 ,0 ,0 ,0  ,0 ,0 ,0  ,0  ,0  ,0  ,0  ,0  ,0  ,0  ,0  ,0  ,0  ,0  ,0  ,0  ,0  ,0  ,0  ,0  ,0  ,0   ,0   ,0   ,0   ,0   ,0   ,0   ,0   ,0   ,0  ,0  ,0  ,0   ,0   ,0   ,0   ,0   ,0   ,0   ,0   ,0   ,0   ,0   ,0  ,0  ,0  ,0   ,0  ,0  ,0  ,0  ,0  ,0  ,0  ,0  ,0  ,0   ,0  ,0  ,0  ,0  ,0   ,0   ,0   ,0   ,0  ,0  ,0   ,0  ,0  ,0  ,0    ,0  ,0  ,0   ,0  ,0   ,0   ,0  ,0  ,0   ,0  ,0   ,0   ,0   ,0   ,0   ,0  ,0   ,0   ,0  ,0   ,0   ,0   ,184 ,1009,724 ,529 ,1348,391,469 ,921 ,556 ,871 ,246 ,361 ,676 ,292 ,741 ,576 ,1648,876 ,1194,1038,969 ,1370,698 ,234 ,54  ,166 ,28  ,3   ,0   ,0    ,0    ,0
0   ,0,0,0  ,0  ,0  ,0 ,0 ,0 ,0 ,0 ,0,0,0 ,0,0 ,0 ,0 ,0 ,0 ,0 ,0 ,0 ,0 ,0 ,0 ,0 ,0 ,0 ,0 ,0 ,0 ,0 ,0,0 ,0 ,0 ,0 ,0 ,0 ,0 ,0 ,0 ,0 ,0,0,0 ,0 ,0,0 ,0 ,0 ,0,0 ,0 ,0 ,0 ,0 ,0 ,0 ,0 ,0 ,0  ,0 ,0,0,0,0,0,0,0,0,0,0,0 ,0 ,0 ,0 ,0 ,0 ,0 ,0 ,0 ,0,0 ,0,0 ,0,0,0 ,0 ,0 ,0,0 ,0 ,0 ,0 ,0 ,0 ,0 ,0 ,0 ,0 ,0 ,0 ,0 ,0 ,0 ,0 ,0 ,0 ,0 ,0 ,0 ,0  ,0  ,0  ,0 ,0 ,0 ,0 ,0 ,0  ,0  ,0 ,0 ,0 ,0 ,0  ,0 ,0 ,0  ,0  ,0  ,0  ,0  ,0  ,0  ,0  ,0  ,0  ,0  ,0  ,0  ,0  ,0  ,0  ,0  ,0  ,0  ,0   ,0   ,0   ,0   ,0   ,0   ,0   ,0   ,0   ,0  ,0  ,0  ,0   ,0   ,0   ,0   ,0   ,0   ,0   ,0   ,0   ,0   ,0   ,0  ,0  ,0  ,0   ,0  ,0  ,0  ,0  ,0  ,0  ,0  ,0  ,0  ,0   ,0  ,0  ,0  ,0  ,0   ,0   ,0   ,0   ,0  ,0  ,0   ,0  ,0  ,0  ,0    ,0  ,0  ,0   ,1  ,0   ,0   ,4  ,2  ,4   ,2  ,5   ,14  ,27  ,16  ,25  ,26 ,12  ,20  ,505,802 ,642 ,814 ,1414,242 ,255 ,785 ,695 ,938,501 ,473 ,476 ,494 ,561 ,1465,1152,1427,631 ,1145,1290,1393,456 ,88  ,0   ,0   ,0   ,0   ,0   ,0   ,0   ,0   ,0   ,0    ,0    ,0
0   ,0,0,0  ,0  ,0  ,0 ,0 ,0 ,0 ,0 ,0,0,0 ,0,0 ,0 ,0 ,0 ,0 ,0 ,0 ,0 ,0 ,0 ,0 ,0 ,0 ,0 ,0 ,0 ,0 ,0 ,0,0 ,0 ,0 ,0 ,0 ,0 ,0 ,0 ,0 ,0 ,0,0,0 ,0 ,0,0 ,0 ,0 ,0,0 ,0 ,0 ,0 ,0 ,0 ,0 ,0 ,0 ,0  ,0 ,0,0,0,0,0,0,0,0,0,0,0 ,0 ,0 ,0 ,0 ,0 ,0 ,0 ,0 ,0,0 ,0,0 ,0,0,0 ,0 ,0 ,0,0 ,0 ,0 ,0 ,0 ,0 ,0 ,0 ,0 ,0 ,0 ,0 ,0 ,0 ,0 ,0 ,0 ,0 ,0 ,0 ,0 ,0  ,0  ,0  ,0 ,0 ,0 ,0 ,0 ,0  ,0  ,0 ,0 ,0 ,0 ,0  ,0 ,0 ,0  ,0  ,0  ,0  ,0  ,0  ,0  ,0  ,0  ,0  ,0  ,0  ,0  ,0  ,0  ,0  ,0  ,0  ,0  ,0   ,0   ,0   ,0   ,0   ,0   ,0   ,0   ,0   ,0  ,0  ,0  ,0   ,0   ,0   ,0   ,0   ,0   ,0   ,0   ,0   ,0   ,0   ,0  ,0  ,0  ,0   ,0  ,0  ,0  ,0  ,0  ,1  ,1  ,2  ,8  ,8   ,5  ,1  ,7  ,1  ,3   ,3   ,3   ,4   ,1  ,1  ,1   ,2  ,0  ,2  ,0    ,0  ,1  ,3   ,5  ,2   ,4   ,6  ,14 ,11  ,7  ,16  ,45  ,22  ,30  ,31  ,54 ,815 ,327 ,378,835 ,1549,194 ,791 ,351 ,1011,460 ,626 ,500,407 ,407 ,1161,1626,529 ,1302,895 ,737 ,792 ,937 ,384 ,633 ,479 ,0   ,6   ,0   ,2   ,3   ,3   ,0   ,0   ,0   ,0   ,0    ,0    ,0
0   ,0,0,0  ,0  ,0  ,0 ,0 ,0 ,0 ,0 ,0,0,0 ,0,0 ,0 ,0 ,0 ,0 ,0 ,0 ,0 ,0 ,0 ,0 ,0 ,0 ,0 ,0 ,0 ,0 ,0 ,0,0 ,0 ,0 ,0 ,0 ,0 ,0 ,0 ,0 ,0 ,0,0,0 ,0 ,0,0 ,0 ,0 ,0,0 ,0 ,0 ,0 ,0 ,0 ,0 ,0 ,0 ,0  ,0 ,0,0,0,0,0,0,0,0,0,0,0 ,0 ,0 ,0 ,0 ,0 ,0 ,0 ,0 ,0,0 ,0,0 ,0,0,0 ,0 ,0 ,0,0 ,0 ,0 ,0 ,0 ,0 ,0 ,0 ,0 ,0 ,0 ,0 ,0 ,0 ,0 ,0 ,0 ,0 ,0 ,0 ,0 ,0  ,0  ,0  ,0 ,0 ,0 ,0 ,0 ,0  ,0  ,0 ,0 ,0 ,0 ,0  ,0 ,0 ,0  ,0  ,0  ,0  ,0  ,0  ,0  ,0  ,0  ,0  ,0  ,0  ,0  ,0  ,0  ,0  ,0  ,0  ,0  ,0   ,0   ,0   ,0   ,0   ,0   ,0   ,0   ,0   ,0  ,0  ,0  ,0   ,0   ,0   ,0   ,0   ,0   ,0   ,0   ,0   ,0   ,0   ,0  ,0  ,0  ,0   ,0  ,0  ,0  ,0  ,0  ,0  ,0  ,0  ,0  ,0   ,0  ,0  ,0  ,0  ,0   ,1   ,0   ,1   ,0  ,0  ,1   ,0  ,0  ,0  ,2    ,4  ,3  ,2   ,2  ,0   ,22  ,11 ,10 ,10  ,25 ,10  ,11  ,16  ,7   ,11  ,7  ,37  ,972 ,374,692 ,626 ,1465,210 ,562 ,832 ,898 ,419 ,358,686 ,347 ,366 ,568 ,1687,1108,1105,532 ,1043,874 ,1055,1209,599 ,22  ,0   ,0   ,0   ,0   ,0   ,0   ,0   ,0   ,0   ,0    ,0    ,0
0   ,0,0,0  ,0  ,0  ,0 ,0 ,0 ,0 ,0 ,0,0,0 ,0,0 ,0 ,0 ,0 ,0 ,0 ,0 ,0 ,0 ,0 ,0 ,0 ,0 ,0 ,0 ,0 ,0 ,0 ,0,0 ,0 ,0 ,0 ,0 ,0 ,0 ,0 ,0 ,0 ,0,0,0 ,0 ,0,0 ,0 ,0 ,0,0 ,0 ,0 ,0 ,0 ,0 ,0 ,0 ,0 ,0  ,0 ,0,0,0,0,0,0,0,0,0,0,0 ,0 ,0 ,0 ,0 ,0 ,0 ,0 ,0 ,0,0 ,0,0 ,0,0,0 ,0 ,0 ,0,0 ,0 ,0 ,0 ,0 ,0 ,0 ,0 ,0 ,0 ,0 ,0 ,0 ,0 ,0 ,0 ,0 ,0 ,0 ,0 ,0 ,0  ,0  ,0  ,0 ,0 ,0 ,0 ,0 ,0  ,0  ,0 ,0 ,0 ,0 ,0  ,0 ,0 ,0  ,0  ,0  ,0  ,0  ,0  ,0  ,0  ,0  ,0  ,0  ,0  ,0  ,0  ,0  ,0  ,0  ,0  ,0  ,0   ,0   ,0   ,0   ,0   ,0   ,0   ,0   ,0   ,0  ,0  ,0  ,0   ,0   ,0   ,0   ,0   ,0   ,0   ,0   ,0   ,0   ,0   ,0  ,0  ,0  ,0   ,0  ,0  ,0  ,0  ,0  ,0  ,0  ,0  ,0  ,0   ,0  ,0  ,0  ,0  ,0   ,0   ,0   ,0   ,0  ,0  ,0   ,0  ,0  ,0  ,0    ,0  ,0  ,0   ,0  ,0   ,0   ,0  ,0  ,0   ,0  ,0   ,0   ,0   ,0   ,0   ,0  ,0   ,0   ,353,893 ,617 ,937 ,736 ,902 ,235 ,946 ,542 ,925,590 ,285 ,655 ,388 ,474 ,985 ,1819,616 ,1470,1239,996 ,1131,913 ,36  ,0   ,0   ,0   ,0   ,0   ,0   ,0   ,0   ,0   ,0    ,0    ,0
0   ,0,0,0  ,0  ,0  ,0 ,0 ,0 ,0 ,0 ,0,0,0 ,0,0 ,0 ,0 ,0 ,0 ,0 ,0 ,0 ,0 ,0 ,0 ,0 ,0 ,0 ,0 ,0 ,0 ,0 ,0,0 ,0 ,0 ,0 ,0 ,0 ,0 ,0 ,0 ,0 ,0,0,0 ,0 ,0,0 ,0 ,0 ,0,0 ,0 ,0 ,0 ,0 ,0 ,0 ,0 ,0 ,0  ,0 ,0,0,0,0,0,0,0,0,0,0,0 ,0 ,0 ,0 ,0 ,0 ,0 ,0 ,0 ,0,0 ,0,0 ,0,0,0 ,0 ,0 ,0,0 ,0 ,0 ,0 ,0 ,0 ,0 ,0 ,0 ,0 ,0 ,0 ,0 ,0 ,0 ,0 ,0 ,0 ,0 ,0 ,0 ,0  ,0  ,0  ,0 ,0 ,0 ,0 ,0 ,0  ,0  ,0 ,0 ,0 ,0 ,0  ,0 ,0 ,0  ,0  ,0  ,0  ,0  ,0  ,0  ,0  ,0  ,0  ,0  ,0  ,0  ,0  ,0  ,0  ,0  ,0  ,0  ,0   ,0   ,0   ,0   ,0   ,0   ,0   ,0   ,0   ,0  ,0  ,0  ,0   ,0   ,0   ,0   ,0   ,0   ,0   ,0   ,0   ,0   ,0   ,0  ,0  ,0  ,0   ,0  ,0  ,0  ,0  ,0  ,0  ,0  ,0  ,0  ,0   ,0  ,0  ,0  ,0  ,0   ,0   ,0   ,0   ,0  ,0  ,0   ,0  ,0  ,0  ,0    ,0  ,0  ,0   ,0  ,0   ,0   ,0  ,0  ,0   ,0  ,0   ,0   ,0   ,0   ,0   ,0  ,0   ,0   ,0  ,0   ,0   ,0   ,0   ,0   ,0   ,0   ,0   ,0  ,0   ,0   ,0   ,0   ,0   ,0   ,144 ,344 ,315 ,633 ,1502,743 ,1334,2624,2303,4458,1709,234 ,566 ,154 ,0   ,0   ,0   ,0    ,0    ,0
0   ,0,0,0  ,0  ,0  ,0 ,0 ,0 ,0 ,0 ,0,0,0 ,0,0 ,0 ,0 ,0 ,0 ,0 ,0 ,0 ,0 ,0 ,0 ,0 ,0 ,0 ,0 ,0 ,0 ,0 ,0,0 ,0 ,0 ,0 ,0 ,0 ,0 ,0 ,0 ,0 ,0,0,0 ,0 ,0,0 ,0 ,0 ,0,0 ,0 ,0 ,0 ,0 ,0 ,0 ,0 ,0 ,0  ,0 ,0,0,0,0,0,0,0,0,0,0,0 ,0 ,0 ,0 ,0 ,0 ,0 ,0 ,0 ,0,0 ,0,0 ,0,0,0 ,0 ,0 ,0,0 ,0 ,0 ,0 ,0 ,0 ,0 ,0 ,0 ,0 ,0 ,0 ,0 ,0 ,0 ,0 ,0 ,0 ,0 ,0 ,0 ,0  ,0  ,0  ,0 ,0 ,0 ,0 ,0 ,0  ,0  ,0 ,0 ,0 ,0 ,0  ,0 ,0 ,0  ,0  ,0  ,0  ,0  ,0  ,0  ,0  ,0  ,0  ,0  ,0  ,0  ,0  ,0  ,0  ,0  ,0  ,0  ,0   ,0   ,0   ,0   ,0   ,0   ,0   ,0   ,0   ,0  ,0  ,0  ,0   ,0   ,0   ,0   ,0   ,0   ,0   ,0   ,0   ,0   ,0   ,0  ,0  ,0  ,0   ,0  ,0  ,0  ,0  ,0  ,0  ,0  ,0  ,0  ,0   ,0  ,0  ,0  ,0  ,0   ,0   ,0   ,0   ,0  ,0  ,0   ,0  ,0  ,0  ,0    ,0  ,0  ,0   ,0  ,0   ,0   ,0  ,0  ,0   ,0  ,0   ,0   ,0   ,0   ,0   ,0  ,0   ,0   ,0  ,0   ,0   ,0   ,0   ,0   ,0   ,0   ,0   ,0  ,0   ,0   ,0   ,0   ,9   ,116 ,1015,1864,1240,1001,865 ,1473,3970,2972,2042,556 ,0   ,0   ,1   ,109 ,9   ,8   ,0   ,0    ,0    ,0
0   ,0,0,0  ,0  ,0  ,0 ,0 ,0 ,0 ,0 ,0,0,0 ,0,0 ,0 ,0 ,0 ,0 ,0 ,0 ,0 ,0 ,0 ,0 ,0 ,0 ,0 ,0 ,0 ,0 ,0 ,0,0 ,0 ,0 ,0 ,0 ,0 ,0 ,0 ,0 ,0 ,0,0,0 ,0 ,0,0 ,0 ,0 ,0,0 ,0 ,0 ,0 ,0 ,0 ,0 ,0 ,0 ,0  ,0 ,0,0,0,0,0,0,0,0,0,0,0 ,0 ,0 ,0 ,0 ,0 ,0 ,0 ,0 ,0,0 ,0,0 ,0,0,0 ,0 ,0 ,0,0 ,0 ,0 ,0 ,0 ,0 ,0 ,0 ,0 ,0 ,0 ,0 ,0 ,0 ,0 ,0 ,0 ,0 ,0 ,0 ,0 ,0  ,0  ,0  ,0 ,0 ,0 ,0 ,0 ,0  ,0  ,0 ,0 ,0 ,0 ,0  ,0 ,0 ,0  ,0  ,0  ,0  ,0  ,0  ,0  ,0  ,0  ,0  ,0  ,0  ,0  ,0  ,0  ,0  ,0  ,0  ,0  ,0   ,0   ,0   ,0   ,0   ,0   ,0   ,0   ,0   ,0  ,0  ,0  ,0   ,0   ,0   ,0   ,0   ,0   ,0   ,0   ,0   ,0   ,0   ,0  ,0  ,0  ,0   ,0  ,0  ,0  ,0  ,0  ,0  ,0  ,0  ,0  ,0   ,0  ,0  ,0  ,0  ,0   ,0   ,0   ,0   ,0  ,0  ,0   ,0  ,0  ,0  ,0    ,0  ,0  ,0   ,0  ,0   ,0   ,0  ,0  ,0   ,0  ,0   ,0   ,0   ,0   ,0   ,0  ,0   ,0   ,0  ,0   ,0   ,0   ,0   ,0   ,0   ,0   ,0   ,2  ,53  ,207 ,70  ,1725,473 ,1710,961 ,782 ,839 ,1330,1789,3979,1563,1749,108 ,0   ,0   ,2   ,0   ,1   ,1   ,75  ,23  ,0    ,0    ,0
0   ,0,0,0  ,0  ,0  ,0 ,0 ,0 ,0 ,0 ,0,0,0 ,0,0 ,0 ,0 ,0 ,0 ,0 ,0 ,0 ,0 ,0 ,0 ,0 ,0 ,0 ,0 ,0 ,0 ,0 ,0,0 ,0 ,0 ,0 ,0 ,0 ,0 ,0 ,0 ,0 ,0,0,0 ,0 ,0,0 ,0 ,0 ,0,0 ,0 ,0 ,0 ,0 ,0 ,0 ,0 ,0 ,0  ,0 ,0,0,0,0,0,0,0,0,0,0,0 ,0 ,0 ,0 ,0 ,0 ,0 ,0 ,0 ,0,0 ,0,0 ,0,0,0 ,0 ,0 ,0,0 ,0 ,0 ,0 ,0 ,0 ,0 ,0 ,0 ,0 ,0 ,0 ,0 ,0 ,0 ,0 ,0 ,0 ,0 ,0 ,0 ,0  ,0  ,0  ,0 ,0 ,0 ,0 ,0 ,0  ,0  ,0 ,0 ,0 ,0 ,0  ,0 ,0 ,0  ,0  ,0  ,0  ,0  ,0  ,0  ,0  ,0  ,0  ,0  ,0  ,0  ,0  ,0  ,0  ,0  ,0  ,0  ,0   ,0   ,0   ,0   ,0   ,0   ,0   ,0   ,0   ,0  ,0  ,0  ,0   ,0   ,0   ,0   ,0   ,0   ,0   ,0   ,0   ,0   ,0   ,0  ,0  ,0  ,0   ,0  ,0  ,0  ,0  ,0  ,0  ,0  ,0  ,0  ,0   ,0  ,0  ,0  ,0  ,0   ,0   ,0   ,0   ,0  ,0  ,0   ,0  ,0  ,0  ,0    ,0  ,0  ,0   ,0  ,0   ,0   ,0  ,0  ,0   ,0  ,0   ,0   ,0   ,0   ,0   ,0  ,0   ,0   ,0  ,0   ,0   ,0   ,0   ,0   ,0   ,0   ,0   ,0  ,0   ,0   ,0   ,0   ,0   ,0   ,0   ,0   ,0   ,0   ,0   ,43  ,72  ,440 ,1714,2400,2640,3572,5740,1274,49  ,73  ,14  ,7    ,34   ,0
0   ,0,0,0  ,0  ,0  ,0 ,0 ,0 ,0 ,0 ,0,0,0 ,0,0 ,0 ,0 ,0 ,0 ,0 ,0 ,0 ,0 ,0 ,0 ,0 ,0 ,0 ,0 ,0 ,0 ,0 ,0,0 ,0 ,0 ,0 ,0 ,0 ,0 ,0 ,0 ,0 ,0,0,0 ,0 ,0,0 ,0 ,0 ,0,0 ,0 ,0 ,0 ,0 ,0 ,0 ,0 ,0 ,0  ,0 ,0,0,0,0,0,0,0,0,0,0,0 ,0 ,0 ,0 ,0 ,0 ,0 ,0 ,0 ,0,0 ,0,0 ,0,0,0 ,0 ,0 ,0,0 ,0 ,0 ,0 ,0 ,0 ,0 ,0 ,0 ,0 ,0 ,0 ,0 ,0 ,0 ,0 ,0 ,0 ,0 ,0 ,0 ,0  ,0  ,0  ,0 ,0 ,0 ,0 ,0 ,0  ,0  ,0 ,0 ,0 ,0 ,0  ,0 ,0 ,0  ,0  ,0  ,0  ,0  ,0  ,0  ,0  ,0  ,0  ,0  ,0  ,0  ,0  ,0  ,0  ,0  ,0  ,0  ,0   ,0   ,0   ,0   ,0   ,0   ,0   ,0   ,0   ,0  ,0  ,0  ,0   ,0   ,0   ,0   ,0   ,0   ,0   ,0   ,0   ,0   ,0   ,0  ,0  ,0  ,0   ,0  ,0  ,1  ,1  ,0  ,0  ,0  ,2  ,0  ,0   ,0  ,2  ,0  ,2  ,3   ,1   ,3   ,1   ,5  ,6  ,8   ,68 ,132,268,411  ,336,219,323 ,715,1141,5822,796,811,409 ,499,413 ,96  ,97  ,95  ,50  ,21 ,14  ,14  ,19 ,0   ,0   ,0   ,0   ,0   ,0   ,0   ,0   ,0  ,0   ,0   ,0   ,0   ,0   ,0   ,0   ,0   ,0   ,0   ,0   ,0   ,0   ,0   ,0   ,0   ,0   ,0   ,0   ,0   ,0   ,0   ,0   ,0    ,0    ,0
7918,0,0,0  ,0  ,0  ,0 ,0 ,0 ,0 ,0 ,0,0,0 ,0,0 ,0 ,0 ,0 ,0 ,0 ,0 ,0 ,0 ,0 ,0 ,0 ,0 ,0 ,0 ,0 ,0 ,0 ,0,0 ,0 ,0 ,0 ,0 ,0 ,0 ,0 ,0 ,0 ,0,0,0 ,0 ,0,0 ,0 ,0 ,0,0 ,0 ,0 ,0 ,0 ,0 ,0 ,0 ,0 ,0  ,0 ,0,0,0,0,0,0,0,0,0,0,0 ,0 ,0 ,0 ,0 ,0 ,0 ,0 ,0 ,0,0 ,0,0 ,0,0,0 ,0 ,0 ,0,0 ,0 ,0 ,0 ,0 ,0 ,0 ,0 ,0 ,0 ,0 ,0 ,0 ,0 ,0 ,0 ,0 ,0 ,0 ,0 ,0 ,0  ,0  ,0  ,0 ,0 ,0 ,0 ,0 ,0  ,0  ,0 ,0 ,0 ,0 ,0  ,0 ,0 ,0  ,0  ,0  ,0  ,0  ,0  ,0  ,0  ,0  ,0  ,0  ,0  ,0  ,0  ,0  ,0  ,0  ,0  ,0  ,0   ,0   ,0   ,0   ,0   ,0   ,0   ,0   ,0   ,0  ,0  ,0  ,0   ,0   ,0   ,0   ,0   ,0   ,0   ,0   ,0   ,0   ,0   ,0  ,0  ,0  ,0   ,0  ,0  ,0  ,0  ,0  ,0  ,0  ,0  ,0  ,0   ,0  ,0  ,0  ,0  ,0   ,0   ,0   ,0   ,0  ,0  ,0   ,0  ,0  ,0  ,0    ,0  ,0  ,0   ,0  ,0   ,0   ,0  ,0  ,0   ,0  ,0   ,1   ,2   ,2   ,3   ,4  ,1   ,1   ,4  ,0   ,1   ,3   ,2   ,3   ,2   ,5   ,5   ,12 ,3   ,2   ,5   ,3   ,9   ,127 ,353 ,116 ,94  ,80  ,39  ,38  ,36  ,28  ,39  ,14  ,26  ,22  ,21  ,30  ,47  ,24  ,103 ,330  ,901  ,0
4725,0,0,0  ,0  ,0  ,0 ,0 ,0 ,0 ,0 ,0,0,0 ,0,0 ,0 ,0 ,0 ,0 ,0 ,0 ,0 ,0 ,0 ,0 ,0 ,0 ,0 ,0 ,0 ,0 ,0 ,0,0 ,0 ,0 ,0 ,0 ,0 ,0 ,0 ,0 ,0 ,0,0,0 ,0 ,0,0 ,0 ,0 ,0,0 ,0 ,0 ,0 ,0 ,0 ,0 ,0 ,0 ,0  ,0 ,0,0,0,0,0,0,0,0,0,0,0 ,0 ,0 ,0 ,0 ,0 ,0 ,0 ,0 ,0,0 ,0,0 ,0,0,0 ,0 ,0 ,0,0 ,0 ,0 ,0 ,0 ,0 ,0 ,0 ,0 ,0 ,0 ,0 ,0 ,0 ,0 ,0 ,0 ,0 ,0 ,0 ,0 ,0  ,0  ,0  ,0 ,0 ,0 ,0 ,0 ,0  ,0  ,0 ,0 ,0 ,0 ,0  ,0 ,0 ,0  ,0  ,0  ,0  ,0  ,0  ,0  ,0  ,0  ,0  ,0  ,0  ,0  ,0  ,0  ,0  ,0  ,0  ,0  ,0   ,0   ,0   ,0   ,0   ,0   ,0   ,0   ,0   ,0  ,0  ,0  ,0   ,0   ,0   ,0   ,0   ,0   ,0   ,0   ,0   ,0   ,0   ,0  ,0  ,0  ,0   ,0  ,0  ,0  ,0  ,0  ,0  ,0  ,0  ,0  ,0   ,0  ,0  ,0  ,0  ,0   ,0   ,0   ,0   ,0  ,0  ,0   ,0  ,0  ,0  ,0    ,0  ,0  ,0   ,0  ,0   ,0   ,0  ,0  ,0   ,0  ,0   ,0   ,0   ,0   ,0   ,0  ,0   ,0   ,0  ,0   ,0   ,0   ,0   ,0   ,1   ,1   ,0   ,0  ,1   ,2   ,11  ,10  ,4   ,3   ,4   ,4   ,2   ,4   ,2   ,3   ,6   ,0   ,2   ,3   ,2   ,1   ,6   ,6   ,6   ,12  ,137 ,155  ,1199 ,0
0   ,0,0,0  ,0  ,0  ,0 ,0 ,0 ,0 ,0 ,0,0,0 ,0,0 ,0 ,0 ,0 ,0 ,0 ,0 ,0 ,0 ,0 ,0 ,0 ,0 ,0 ,0 ,0 ,0 ,0 ,0,0 ,0 ,0 ,0 ,0 ,0 ,0 ,0 ,0 ,0 ,0,0,0 ,0 ,0,0 ,0 ,0 ,0,0 ,0 ,0 ,0 ,0 ,0 ,0 ,0 ,0 ,0  ,0 ,0,0,0,0,0,0,0,0,0,0,0 ,0 ,0 ,0 ,0 ,0 ,0 ,0 ,0 ,0,0 ,0,0 ,0,0,0 ,0 ,0 ,0,0 ,0 ,0 ,0 ,0 ,0 ,0 ,0 ,0 ,0 ,0 ,0 ,0 ,0 ,0 ,0 ,0 ,0 ,0 ,0 ,0 ,0  ,0  ,0  ,0 ,0 ,0 ,0 ,0 ,0  ,0  ,0 ,0 ,0 ,0 ,0  ,0 ,0 ,0  ,0  ,0  ,0  ,0  ,0  ,0  ,0  ,0  ,0  ,0  ,0  ,0  ,0  ,0  ,0  ,0  ,0  ,0  ,0   ,0   ,0   ,0   ,0   ,0   ,0   ,0   ,0   ,0  ,0  ,0  ,0   ,0   ,0   ,0   ,0   ,0   ,0   ,0   ,0   ,0   ,0   ,0  ,0  ,0  ,0   ,0  ,0  ,0  ,0  ,0  ,0  ,0  ,0  ,0  ,0   ,0  ,0  ,0  ,0  ,0   ,0   ,0   ,0   ,0  ,0  ,0   ,0  ,0  ,0  ,0    ,0  ,0  ,0   ,0  ,0   ,0   ,0  ,0  ,0   ,0  ,0   ,0   ,0   ,0   ,0   ,0  ,0   ,0   ,0  ,0   ,0   ,0   ,0   ,0   ,0   ,0   ,0   ,0  ,0   ,0   ,62  ,264 ,523 ,737 ,1169,599 ,1517,227 ,373 ,412 ,653 ,807 ,1297,207 ,838 ,620 ,520 ,2420,1557,801 ,745 ,1474 ,983  ,0
0   ,0,0,0  ,0  ,0  ,0 ,0 ,0 ,0 ,0 ,0,0,0 ,0,0 ,0 ,0 ,0 ,0 ,0 ,0 ,0 ,0 ,0 ,0 ,0 ,0 ,0 ,0 ,0 ,0 ,0 ,0,0 ,0 ,0 ,0 ,0 ,0 ,0 ,0 ,0 ,0 ,0,0,0 ,0 ,0,0 ,0 ,0 ,0,0 ,0 ,0 ,0 ,0 ,0 ,0 ,0 ,0 ,0  ,0 ,0,0,0,0,0,0,0,0,0,0,0 ,0 ,0 ,0 ,0 ,0 ,0 ,0 ,0 ,0,0 ,0,0 ,0,0,0 ,0 ,0 ,0,0 ,0 ,0 ,0 ,0 ,0 ,0 ,0 ,0 ,0 ,0 ,0 ,0 ,0 ,0 ,0 ,0 ,0 ,0 ,0 ,0 ,0  ,0  ,0  ,0 ,0 ,0 ,0 ,0 ,0  ,0  ,0 ,0 ,0 ,0 ,0  ,0 ,0 ,0  ,0  ,0  ,0  ,0  ,0  ,0  ,0  ,0  ,0  ,0  ,0  ,0  ,0  ,0  ,0  ,0  ,0  ,0  ,0   ,0   ,0   ,0   ,0   ,0   ,0   ,0   ,0   ,0  ,0  ,0  ,0   ,0   ,0   ,0   ,0   ,0   ,0   ,0   ,0   ,0   ,0   ,0  ,0  ,0  ,0   ,0  ,0  ,0  ,0  ,0  ,0  ,0  ,0  ,0  ,0   ,0  ,0  ,0  ,0  ,0   ,0   ,0   ,0   ,0  ,0  ,0   ,0  ,0  ,0  ,0    ,0  ,0  ,0   ,0  ,0   ,0   ,0  ,0  ,0   ,0  ,0   ,0   ,0   ,0   ,0   ,0  ,0   ,0   ,0  ,0   ,0   ,0   ,0   ,0   ,0   ,0   ,0   ,0  ,0   ,0   ,33  ,263 ,582 ,733 ,1122,609 ,1530,324 ,399 ,317 ,679 ,728 ,1136,363 ,960 ,616 ,449 ,2513,1430,810 ,720 ,1394 ,1095 ,0
0   ,0,0,0  ,0  ,0  ,0 ,0 ,0 ,0 ,0 ,0,0,0 ,0,0 ,0 ,0 ,0 ,0 ,0 ,0 ,0 ,0 ,0 ,0 ,0 ,0 ,0 ,0 ,0 ,0 ,0 ,0,0 ,0 ,0 ,0 ,0 ,0 ,0 ,0 ,0 ,0 ,0,0,0 ,0 ,0,0 ,0 ,0 ,0,0 ,0 ,0 ,0 ,0 ,0 ,0 ,0 ,0 ,0  ,0 ,0,0,0,0,0,0,0,0,0,0,0 ,0 ,0 ,0 ,0 ,0 ,0 ,0 ,0 ,0,0 ,0,0 ,0,0,0 ,0 ,0 ,0,0 ,0 ,0 ,0 ,0 ,0 ,0 ,0 ,0 ,0 ,0 ,0 ,0 ,0 ,0 ,0 ,0 ,0 ,0 ,0 ,0 ,0  ,0  ,0  ,0 ,0 ,0 ,0 ,0 ,0  ,0  ,0 ,0 ,0 ,0 ,0  ,0 ,0 ,0  ,0  ,0  ,0  ,0  ,0  ,0  ,0  ,0  ,0  ,0  ,0  ,0  ,0  ,0  ,0  ,0  ,0  ,0  ,0   ,0   ,0   ,0   ,0   ,0   ,0   ,0   ,0   ,0  ,0  ,0  ,0   ,0   ,0   ,0   ,0   ,0   ,0   ,0   ,0   ,0   ,0   ,0  ,0  ,0  ,0   ,0  ,0  ,0  ,0  ,0  ,0  ,0  ,0  ,0  ,0   ,0  ,0  ,0  ,0  ,0   ,0   ,0   ,0   ,0  ,0  ,0   ,0  ,0  ,0  ,0    ,0  ,0  ,0   ,0  ,0   ,0   ,0  ,0  ,0   ,0  ,0   ,0   ,0   ,0   ,0   ,0  ,0   ,0   ,0  ,0   ,0   ,0   ,0   ,0   ,0   ,0   ,0   ,0  ,0   ,0   ,37  ,275 ,541 ,784 ,1010,724 ,1486,206 ,368 ,419 ,646 ,807 ,1286,364 ,906 ,562 ,414 ,2336,1632,843 ,733 ,1441 ,992  ,0
0   ,0,0,0  ,0  ,0  ,0 ,0 ,0 ,0 ,0 ,0,0,0 ,0,0 ,0 ,0 ,0 ,0 ,0 ,0 ,0 ,0 ,0 ,0 ,0 ,0 ,0 ,0 ,0 ,0 ,0 ,0,0 ,0 ,0 ,0 ,0 ,0 ,0 ,0 ,0 ,0 ,0,0,0 ,0 ,0,0 ,0 ,0 ,0,0 ,0 ,0 ,0 ,0 ,0 ,0 ,0 ,0 ,0  ,0 ,0,0,0,0,0,0,0,0,0,0,0 ,0 ,0 ,0 ,0 ,0 ,0 ,0 ,0 ,0,0 ,0,0 ,0,0,0 ,0 ,0 ,0,0 ,0 ,0 ,0 ,0 ,0 ,0 ,0 ,0 ,0 ,0 ,0 ,0 ,0 ,0 ,0 ,0 ,0 ,0 ,0 ,0 ,0  ,0  ,0  ,0 ,0 ,0 ,0 ,0 ,0  ,0  ,0 ,0 ,0 ,0 ,0  ,0 ,0 ,0  ,0  ,0  ,0  ,0  ,0  ,0  ,0  ,0  ,0  ,0  ,0  ,0  ,0  ,0  ,0  ,0  ,0  ,0  ,0   ,0   ,0   ,0   ,0   ,0   ,0   ,0   ,0   ,0  ,0  ,0  ,0   ,0   ,0   ,0   ,0   ,0   ,0   ,0   ,0   ,0   ,0   ,0  ,0  ,0  ,0   ,0  ,0  ,0  ,0  ,0  ,0  ,0  ,0  ,0  ,0   ,0  ,0  ,0  ,0  ,0   ,0   ,0   ,0   ,0  ,0  ,0   ,0  ,0  ,0  ,0    ,0  ,0  ,0   ,0  ,0   ,0   ,0  ,0  ,0   ,0  ,0   ,0   ,0   ,0   ,0   ,0  ,0   ,0   ,0  ,0   ,0   ,0   ,0   ,0   ,0   ,0   ,0   ,0  ,0   ,9   ,28  ,259 ,380 ,827 ,1178,644 ,1553,196 ,434 ,381 ,638 ,788 ,922 ,618 ,767 ,397 ,391 ,2388,1488,768 ,864 ,1496 ,1388 ,0
0   ,0,0,79 ,99 ,186,81,90,29,17,22,9,8,11,6,5 ,10,6 ,8 ,8 ,7 ,12,10,6 ,5 ,11,3 ,9 ,6 ,2 ,4 ,3 ,3 ,6,9 ,3 ,1 ,4 ,8 ,8 ,7 ,7 ,13,19,9,9,5 ,12,4,3 ,4 ,5 ,4,2 ,3 ,1 ,1 ,0 ,1 ,1 ,7 ,3 ,1  ,1 ,1,1,4,2,1,0,4,0,7,1,2 ,1 ,2 ,0 ,5 ,1 ,3 ,5 ,5 ,9,4 ,2,2 ,5,4,5 ,5 ,1 ,0,3 ,3 ,6 ,7 ,21,19,27,36,24,25,13,14,13,8 ,4 ,2 ,6 ,6 ,2 ,1 ,3 ,7  ,4  ,2  ,1 ,3 ,2 ,0 ,0 ,0  ,1  ,3 ,0 ,1 ,2 ,4  ,6 ,4 ,3  ,3  ,3  ,4  ,2  ,1  ,2  ,5  ,4  ,1  ,3  ,2  ,4  ,6  ,3  ,2  ,2  ,1  ,8  ,7   ,15  ,4   ,4   ,13  ,15  ,13  ,6   ,14  ,23 ,30 ,26 ,28  ,76  ,109 ,889 ,1543,350 ,226 ,353 ,262 ,58  ,71  ,18 ,16 ,19 ,58  ,104,9  ,12 ,70 ,0  ,0  ,2  ,4  ,2  ,0   ,2  ,0  ,0  ,0  ,0   ,1   ,0   ,0   ,2  ,1  ,10  ,1  ,0  ,0  ,0    ,0  ,0  ,0   ,0  ,0   ,0   ,1  ,0  ,3   ,0  ,1   ,0   ,0   ,0   ,1   ,0  ,1   ,0   ,2  ,0   ,1   ,2   ,5   ,1   ,3   ,5   ,9   ,14 ,28  ,13  ,0   ,0   ,0   ,0   ,0   ,0   ,0   ,0   ,0   ,0   ,0   ,0   ,0   ,0   ,0   ,0   ,0   ,0   ,0   ,0   ,0   ,0    ,0    ,0
0   ,0,0,108,182,56 ,33,28,33,22,14,9,9,11,9,10,16,17,23,25,33,30,28,27,49,37,30,33,32,24,28,15,20,9,13,19,18,8 ,6 ,12,4 ,7 ,7 ,8 ,6,6,15,11,4,13,8 ,7 ,6,7 ,9 ,16,9 ,25,36,35,38,87,145,33,5,6,4,5,6,5,5,4,3,2,6 ,9 ,3 ,6 ,5 ,2 ,2 ,3 ,2 ,1,9 ,5,7 ,5,6,5 ,5 ,3 ,3,5 ,1 ,1 ,3 ,2 ,3 ,2 ,3 ,5 ,5 ,3 ,5 ,4 ,2 ,0 ,1 ,2 ,4 ,4 ,2 ,3 ,3  ,1  ,4  ,3 ,4 ,3 ,3 ,4 ,8  ,5  ,6 ,5 ,1 ,4 ,8  ,6 ,3 ,0  ,1  ,1  ,2  ,1  ,2  ,1  ,3  ,18 ,7  ,6  ,12 ,13 ,6  ,6  ,8  ,14 ,11 ,12 ,9   ,6   ,7   ,5   ,0   ,3   ,6   ,1   ,8   ,2  ,1  ,3  ,3   ,3   ,3   ,5   ,6   ,6   ,4   ,2   ,0   ,3   ,0   ,5  ,8  ,2  ,2   ,9  ,8  ,4  ,5  ,9  ,7  ,8  ,8  ,8  ,3   ,5  ,1  ,7  ,6  ,5   ,3   ,4   ,6   ,8  ,7  ,11  ,4  ,8  ,2  ,3    ,2  ,8  ,5   ,6  ,9   ,12  ,10 ,10 ,14  ,4  ,7   ,3   ,2   ,7   ,4   ,5  ,11  ,11  ,6  ,8   ,4   ,4   ,8   ,6   ,7   ,10  ,9   ,17 ,15  ,5   ,12  ,11  ,11  ,24  ,22  ,19  ,17  ,11  ,13  ,10  ,25  ,28  ,107 ,87  ,126 ,101 ,108 ,62  ,59  ,55  ,69  ,105  ,342  ,0
0   ,0,0,0  ,0  ,0  ,0 ,0 ,0 ,0 ,0 ,0,0,0 ,0,0 ,0 ,0 ,3 ,6 ,11,3 ,7 ,14,37,39,10,3 ,5 ,11,11,24,11,5,3 ,1 ,2 ,16,10,3 ,2 ,2 ,2 ,3 ,6,2,3 ,6 ,5,2 ,3 ,1 ,0,1 ,0 ,1 ,0 ,0 ,3 ,2 ,2 ,2 ,2  ,1 ,1,3,2,4,8,1,4,3,3,2,1 ,4 ,7 ,2 ,5 ,2 ,2 ,1 ,0 ,1,0 ,0,2 ,1,1,0 ,0 ,1 ,0,0 ,3 ,1 ,0 ,1 ,4 ,2 ,1 ,2 ,4 ,2 ,4 ,2 ,1 ,1 ,3 ,7 ,3 ,1 ,6 ,6 ,3  ,2  ,3  ,2 ,3 ,8 ,11,5 ,2  ,3  ,5 ,6 ,6 ,7 ,4  ,2 ,1 ,3  ,2  ,2  ,4  ,3  ,3  ,5  ,1  ,3  ,7  ,2  ,2  ,6  ,10 ,5  ,1  ,0  ,4  ,2  ,5   ,5   ,6   ,10  ,7   ,5   ,6   ,17  ,6   ,3  ,2  ,5  ,5   ,10  ,9   ,7   ,10  ,10  ,13  ,7   ,4   ,9   ,5   ,7  ,11 ,15 ,12  ,7  ,7  ,17 ,12 ,14 ,11 ,15 ,6  ,8  ,12  ,20 ,36 ,45 ,52 ,45  ,52  ,41  ,41  ,50 ,69 ,57  ,63 ,62 ,39 ,12   ,16 ,12 ,13  ,13 ,36  ,22  ,14 ,10 ,9   ,13 ,14  ,13  ,20  ,18  ,25  ,21 ,61  ,18  ,5  ,9   ,9   ,12  ,7   ,5   ,2   ,2   ,3   ,4  ,11  ,6   ,2   ,3   ,8   ,7   ,11  ,13  ,9   ,22  ,13  ,20  ,14  ,16  ,17  ,16  ,17  ,32  ,25  ,28  ,64  ,177 ,903 ,767  ,7327 ,0
0   ,0,0,0  ,0  ,0  ,0 ,0 ,0 ,0 ,0 ,0,0,0 ,0,0 ,0 ,0 ,0 ,0 ,0 ,0 ,0 ,0 ,0 ,0 ,0 ,0 ,0 ,0 ,0 ,0 ,0 ,0,0 ,0 ,0 ,0 ,0 ,0 ,0 ,0 ,0 ,0 ,0,0,0 ,0 ,0,0 ,0 ,0 ,0,0 ,0 ,0 ,0 ,0 ,0 ,0 ,0 ,0 ,0  ,0 ,0,0,0,0,0,0,0,0,0,0,0 ,0 ,0 ,0 ,0 ,0 ,0 ,0 ,0 ,0,0 ,0,0 ,0,0,4 ,14,12,5,21,22,18,14,23,25,36,47,54,45,42,36,37,40,42,53,66,40,52,71,83,158,167,130,44,47,49,48,72,214,188,93,68,55,91,139,81,91,175,314,221,148,611,104,256,180,184,189,715,610,650,449,234,283,296,431,967,1087,1162,1702,1774,1229,1286,1437,1160,1065,942,957,955,1067,1048,1757,1545,2370,1409,1675,1652,1886,1354,1286,968,886,957,1090,771,598,648,973,505,413,522,379,639,1467,596,476,197,195,1198,1418,1566,50  ,39 ,32 ,34  ,36 ,106,3  ,1    ,1  ,4  ,0   ,1  ,5   ,0   ,9  ,4  ,9   ,3  ,2   ,2   ,7   ,1   ,2   ,5  ,3   ,16  ,40 ,383 ,10  ,0   ,0   ,0   ,0   ,0   ,0   ,0  ,0   ,0   ,0   ,0   ,0   ,0   ,0   ,0   ,0   ,0   ,0   ,0   ,0   ,0   ,0   ,0   ,0   ,0   ,0   ,0   ,0   ,0   ,0   ,0    ,0    ,0
0   ,0,0,0  ,0  ,0  ,0 ,0 ,0 ,0 ,0 ,0,0,0 ,0,0 ,0 ,0 ,0 ,0 ,0 ,0 ,0 ,0 ,0 ,0 ,0 ,0 ,0 ,0 ,0 ,0 ,0 ,0,0 ,0 ,0 ,0 ,0 ,0 ,0 ,0 ,0 ,0 ,0,0,0 ,0 ,0,0 ,0 ,0 ,0,0 ,0 ,0 ,0 ,0 ,0 ,0 ,0 ,0 ,0  ,0 ,0,0,0,0,0,0,0,0,0,0,0 ,0 ,0 ,0 ,0 ,0 ,0 ,0 ,0 ,0,0 ,0,0 ,0,0,0 ,0 ,0 ,0,0 ,0 ,0 ,0 ,0 ,0 ,0 ,0 ,0 ,0 ,0 ,0 ,0 ,0 ,0 ,0 ,0 ,0 ,0 ,0 ,0 ,0  ,0  ,0  ,0 ,0 ,0 ,0 ,0 ,0  ,0  ,0 ,0 ,0 ,0 ,0  ,0 ,0 ,0  ,0  ,0  ,0  ,0  ,0  ,0  ,0  ,0  ,0  ,0  ,0  ,0  ,0  ,0  ,0  ,0  ,0  ,0  ,0   ,0   ,0   ,0   ,0   ,0   ,0   ,0   ,0   ,0  ,0  ,0  ,0   ,0   ,0   ,0   ,0   ,0   ,0   ,0   ,0   ,0   ,0   ,0  ,0  ,0  ,0   ,0  ,0  ,0  ,0  ,0  ,0  ,0  ,0  ,0  ,0   ,0  ,0  ,0  ,0  ,0   ,0   ,0   ,0   ,0  ,0  ,0   ,0  ,0  ,0  ,0    ,0  ,0  ,0   ,0  ,0   ,0   ,0  ,0  ,0   ,0  ,0   ,0   ,0   ,0   ,0   ,0  ,0   ,0   ,0  ,0   ,0   ,0   ,0   ,0   ,0   ,0   ,0   ,0  ,0   ,0   ,0   ,0   ,0   ,0   ,0   ,0   ,3   ,610 ,259 ,450 ,947 ,687 ,827 ,749 ,665 ,501 ,2093,325 ,373 ,316 ,350 ,615  ,2084 ,0
0   ,0,0,0  ,0  ,0  ,0 ,0 ,0 ,0 ,0 ,0,0,0 ,0,0 ,0 ,0 ,0 ,0 ,0 ,0 ,0 ,0 ,0 ,0 ,0 ,0 ,0 ,0 ,0 ,0 ,0 ,0,0 ,0 ,0 ,0 ,0 ,0 ,0 ,0 ,0 ,0 ,0,0,0 ,0 ,0,0 ,0 ,0 ,0,0 ,0 ,0 ,0 ,0 ,0 ,0 ,0 ,0 ,0  ,0 ,0,0,0,0,0,0,0,0,0,0,0 ,0 ,0 ,0 ,0 ,0 ,0 ,0 ,0 ,0,0 ,0,0 ,0,0,0 ,0 ,0 ,0,0 ,0 ,0 ,0 ,0 ,0 ,0 ,0 ,0 ,0 ,0 ,0 ,0 ,0 ,0 ,0 ,0 ,0 ,0 ,0 ,0 ,0  ,0  ,0  ,0 ,0 ,0 ,0 ,0 ,0  ,0  ,0 ,0 ,0 ,0 ,0  ,0 ,0 ,0  ,0  ,0  ,0  ,0  ,0  ,0  ,0  ,0  ,0  ,0  ,0  ,0  ,0  ,0  ,0  ,0  ,0  ,0  ,0   ,0   ,0   ,0   ,0   ,0   ,0   ,0   ,0   ,0  ,0  ,0  ,0   ,0   ,0   ,0   ,0   ,0   ,0   ,0   ,0   ,0   ,0   ,0  ,0  ,0  ,0   ,0  ,0  ,0  ,0  ,0  ,0  ,0  ,0  ,0  ,0   ,0  ,0  ,0  ,0  ,0   ,0   ,0   ,0   ,0  ,0  ,0   ,0  ,0  ,0  ,0    ,0  ,0  ,0   ,0  ,0   ,0   ,0  ,0  ,0   ,0  ,0   ,0   ,0   ,0   ,0   ,0  ,0   ,0   ,0  ,0   ,0   ,0   ,0   ,0   ,0   ,0   ,0   ,0  ,0   ,0   ,0   ,0   ,0   ,0   ,0   ,0   ,0   ,733 ,261 ,781 ,682 ,760 ,914 ,636 ,696 ,512 ,2014,389 ,321 ,304 ,440 ,530  ,2213 ,0
0   ,0,0,0  ,0  ,0  ,0 ,0 ,0 ,0 ,0 ,0,0,0 ,0,0 ,0 ,0 ,0 ,0 ,0 ,0 ,0 ,0 ,0 ,0 ,0 ,0 ,0 ,0 ,0 ,0 ,0 ,0,0 ,0 ,0 ,0 ,0 ,0 ,0 ,0 ,0 ,0 ,0,0,0 ,0 ,0,0 ,0 ,0 ,0,0 ,0 ,0 ,0 ,0 ,0 ,0 ,0 ,0 ,0  ,0 ,0,0,0,0,0,0,0,0,0,0,0 ,0 ,0 ,0 ,0 ,0 ,0 ,0 ,0 ,0,0 ,0,0 ,0,0,0 ,0 ,0 ,0,0 ,0 ,0 ,0 ,0 ,0 ,0 ,0 ,0 ,0 ,0 ,0 ,0 ,0 ,0 ,0 ,0 ,0 ,0 ,0 ,0 ,0  ,0  ,0  ,0 ,0 ,0 ,0 ,0 ,0  ,0  ,0 ,0 ,0 ,0 ,0  ,0 ,0 ,0  ,0  ,0  ,0  ,0  ,0  ,0  ,0  ,0  ,0  ,0  ,0  ,0  ,0  ,0  ,0  ,0  ,0  ,0  ,0   ,0   ,0   ,0   ,0   ,0   ,0   ,0   ,0   ,0  ,0  ,0  ,0   ,0   ,0   ,0   ,0   ,0   ,0   ,0   ,0   ,0   ,0   ,0  ,0  ,0  ,0   ,0  ,0  ,0  ,0  ,0  ,0  ,0  ,0  ,0  ,0   ,0  ,0  ,0  ,0  ,0   ,0   ,0   ,0   ,0  ,0  ,0   ,0  ,0  ,0  ,0    ,0  ,0  ,0   ,0  ,0   ,0   ,0  ,0  ,0   ,0  ,0   ,0   ,0   ,0   ,0   ,0  ,0   ,0   ,0  ,0   ,0   ,0   ,0   ,0   ,0   ,0   ,0   ,0  ,0   ,0   ,0   ,0   ,0   ,0   ,0   ,0   ,0   ,582 ,324 ,958 ,425 ,760 ,1033,681 ,781 ,433 ,2035,359 ,350 ,315 ,447 ,629  ,2536 ,0
0   ,0,0,0  ,0  ,0  ,0 ,0 ,0 ,0 ,0 ,0,0,0 ,0,0 ,0 ,0 ,0 ,0 ,0 ,0 ,0 ,0 ,0 ,0 ,0 ,0 ,0 ,0 ,0 ,0 ,0 ,0,0 ,0 ,0 ,0 ,0 ,0 ,0 ,0 ,0 ,0 ,0,0,0 ,0 ,0,0 ,0 ,0 ,0,0 ,0 ,0 ,0 ,0 ,0 ,0 ,0 ,0 ,0  ,0 ,0,0,0,0,0,0,0,0,0,0,0 ,0 ,0 ,0 ,0 ,0 ,0 ,0 ,0 ,0,0 ,0,0 ,0,0,0 ,0 ,0 ,0,0 ,0 ,0 ,0 ,0 ,0 ,0 ,0 ,0 ,0 ,0 ,0 ,0 ,0 ,0 ,0 ,0 ,0 ,0 ,0 ,0 ,0  ,0  ,0  ,0 ,0 ,0 ,0 ,0 ,0  ,0  ,0 ,0 ,0 ,0 ,0  ,0 ,0 ,0  ,0  ,0  ,0  ,0  ,0  ,0  ,0  ,0  ,0  ,0  ,0  ,0  ,0  ,0  ,0  ,0  ,0  ,0  ,0   ,0   ,0   ,0   ,0   ,0   ,0   ,0   ,0   ,0  ,0  ,0  ,0   ,0   ,0   ,0   ,0   ,0   ,0   ,0   ,0   ,0   ,0   ,0  ,0  ,0  ,0   ,0  ,0  ,0  ,0  ,0  ,0  ,0  ,0  ,0  ,0   ,0  ,0  ,0  ,0  ,0   ,0   ,0   ,0   ,0  ,0  ,0   ,0  ,0  ,0  ,0    ,0  ,0  ,0   ,0  ,0   ,0   ,0  ,0  ,0   ,0  ,0   ,0   ,0   ,0   ,0   ,0  ,0   ,0   ,0  ,0   ,0   ,0   ,0   ,0   ,0   ,0   ,0   ,0  ,0   ,0   ,0   ,0   ,0   ,0   ,0   ,0   ,13  ,609 ,300 ,830 ,529 ,702 ,938 ,675 ,730 ,382 ,2085,323 ,416 ,252 ,456 ,476  ,2294 ,0
0   ,0,0,0  ,0  ,0  ,0 ,0 ,0 ,0 ,0 ,0,0,0 ,0,0 ,0 ,0 ,0 ,0 ,0 ,0 ,0 ,0 ,0 ,0 ,0 ,0 ,0 ,0 ,0 ,0 ,0 ,0,0 ,0 ,0 ,0 ,0 ,0 ,0 ,0 ,0 ,0 ,0,0,0 ,0 ,0,0 ,0 ,0 ,0,0 ,0 ,0 ,0 ,0 ,0 ,0 ,0 ,0 ,0  ,0 ,0,0,0,0,0,0,0,0,0,0,0 ,0 ,0 ,0 ,0 ,0 ,0 ,0 ,0 ,0,0 ,0,0 ,0,0,0 ,0 ,0 ,0,0 ,0 ,0 ,0 ,0 ,0 ,0 ,0 ,0 ,0 ,0 ,0 ,0 ,0 ,0 ,0 ,0 ,0 ,0 ,0 ,0 ,0  ,0  ,0  ,0 ,0 ,0 ,0 ,0 ,0  ,0  ,0 ,0 ,0 ,0 ,0  ,0 ,0 ,0  ,0  ,0  ,0  ,0  ,0  ,0  ,0  ,0  ,0  ,0  ,0  ,0  ,0  ,0  ,0  ,0  ,0  ,0  ,0   ,0   ,0   ,0   ,0   ,0   ,0   ,0   ,0   ,0  ,0  ,0  ,0   ,0   ,0   ,0   ,0   ,0   ,0   ,0   ,0   ,0   ,0   ,0  ,0  ,0  ,0   ,0  ,0  ,0  ,0  ,0  ,0  ,0  ,0  ,0  ,0   ,0  ,0  ,0  ,0  ,0   ,0   ,0   ,0   ,0  ,0  ,0   ,0  ,0  ,0  ,0    ,0  ,0  ,0   ,0  ,0   ,0   ,0  ,0  ,0   ,0  ,0   ,0   ,0   ,0   ,0   ,0  ,0   ,0   ,0  ,0   ,0   ,0   ,0   ,0   ,0   ,0   ,0   ,0  ,0   ,0   ,0   ,0   ,0   ,0   ,0   ,0   ,0   ,605 ,209 ,638 ,728 ,710 ,1075,652 ,729 ,437 ,2075,300 ,381 ,269 ,417 ,972  ,1659 ,0
0   ,0,0,0  ,0  ,0  ,0 ,0 ,0 ,0 ,0 ,0,0,0 ,0,0 ,0 ,0 ,0 ,0 ,0 ,0 ,0 ,0 ,0 ,0 ,0 ,0 ,0 ,0 ,0 ,0 ,0 ,0,0 ,0 ,0 ,0 ,0 ,0 ,0 ,0 ,0 ,0 ,0,0,0 ,0 ,0,0 ,0 ,0 ,0,0 ,0 ,0 ,0 ,0 ,0 ,0 ,0 ,0 ,0  ,0 ,0,0,0,0,0,0,0,0,0,0,0 ,0 ,0 ,0 ,0 ,0 ,0 ,0 ,0 ,0,0 ,0,0 ,0,0,0 ,0 ,0 ,0,0 ,0 ,0 ,0 ,0 ,0 ,0 ,0 ,0 ,0 ,0 ,0 ,0 ,0 ,0 ,0 ,0 ,0 ,0 ,0 ,0 ,0  ,0  ,0  ,0 ,0 ,0 ,0 ,0 ,0  ,0  ,0 ,0 ,0 ,0 ,0  ,0 ,0 ,0  ,0  ,0  ,0  ,0  ,0  ,0  ,0  ,0  ,0  ,0  ,0  ,0  ,0  ,0  ,0  ,0  ,0  ,0  ,0   ,0   ,0   ,0   ,0   ,0   ,0   ,0   ,0   ,0  ,0  ,0  ,0   ,0   ,0   ,0   ,0   ,0   ,0   ,0   ,0   ,0   ,0   ,0  ,0  ,0  ,0   ,0  ,0  ,0  ,0  ,0  ,0  ,0  ,0  ,0  ,0   ,0  ,0  ,0  ,0  ,0   ,0   ,0   ,0   ,0  ,0  ,0   ,0  ,0  ,0  ,0    ,0  ,0  ,0   ,0  ,0   ,0   ,0  ,0  ,0   ,0  ,0   ,0   ,0   ,0   ,0   ,0  ,0   ,0   ,0  ,0   ,0   ,0   ,0   ,0   ,0   ,0   ,0   ,0  ,0   ,0   ,0   ,0   ,0   ,0   ,0   ,0   ,0   ,614 ,245 ,556 ,851 ,693 ,961 ,693 ,717 ,434 ,2047,340 ,389 ,285 ,424 ,666  ,1977 ,0
0   ,0,0,0  ,0  ,0  ,0 ,0 ,0 ,0 ,0 ,0,0,0 ,0,0 ,0 ,0 ,0 ,0 ,0 ,0 ,0 ,0 ,0 ,0 ,0 ,0 ,0 ,0 ,0 ,0 ,0 ,0,0 ,0 ,0 ,0 ,0 ,0 ,0 ,0 ,0 ,0 ,0,0,0 ,0 ,0,0 ,0 ,0 ,0,0 ,0 ,0 ,0 ,0 ,0 ,0 ,0 ,0 ,0  ,0 ,0,0,0,0,0,0,0,0,0,0,0 ,0 ,0 ,0 ,0 ,0 ,0 ,0 ,0 ,0,0 ,0,0 ,0,0,0 ,0 ,0 ,0,0 ,0 ,0 ,0 ,0 ,0 ,0 ,0 ,0 ,0 ,0 ,0 ,0 ,0 ,0 ,0 ,0 ,0 ,0 ,0 ,0 ,0  ,0  ,0  ,0 ,0 ,0 ,0 ,0 ,0  ,0  ,0 ,0 ,0 ,0 ,0  ,0 ,0 ,0  ,0  ,0  ,0  ,0  ,0  ,0  ,0  ,0  ,0  ,0  ,0  ,0  ,0  ,0  ,0  ,0  ,0  ,0  ,0   ,0   ,0   ,0   ,0   ,0   ,0   ,0   ,0   ,0  ,0  ,0  ,0   ,0   ,0   ,0   ,0   ,0   ,0   ,0   ,0   ,0   ,0   ,0  ,0  ,0  ,0   ,0  ,0  ,0  ,0  ,0  ,0  ,0  ,0  ,0  ,0   ,0  ,0  ,0  ,0  ,0   ,0   ,0   ,0   ,0  ,0  ,0   ,0  ,0  ,0  ,0    ,0  ,0  ,0   ,0  ,0   ,0   ,0  ,0  ,0   ,0  ,0   ,0   ,0   ,0   ,0   ,0  ,0   ,0   ,0  ,0   ,0   ,0   ,0   ,0   ,0   ,0   ,0   ,0  ,0   ,0   ,0   ,0   ,0   ,0   ,0   ,0   ,260 ,416 ,272 ,903 ,473 ,808 ,937 ,577 ,721 ,435 ,2068,330 ,359 ,315 ,379 ,545  ,2243 ,0
0   ,0,0,0  ,0  ,0  ,0 ,0 ,0 ,0 ,0 ,0,0,0 ,0,0 ,0 ,0 ,0 ,0 ,0 ,0 ,0 ,0 ,0 ,0 ,0 ,0 ,0 ,0 ,0 ,0 ,0 ,0,0 ,0 ,0 ,0 ,0 ,0 ,0 ,0 ,0 ,0 ,0,0,0 ,0 ,0,0 ,0 ,0 ,0,0 ,0 ,0 ,0 ,0 ,0 ,0 ,0 ,0 ,0  ,0 ,0,0,0,0,0,0,0,0,0,0,0 ,0 ,0 ,0 ,0 ,0 ,0 ,0 ,0 ,0,0 ,0,0 ,0,0,0 ,0 ,0 ,0,0 ,0 ,0 ,0 ,0 ,0 ,0 ,0 ,0 ,0 ,0 ,0 ,0 ,0 ,0 ,0 ,0 ,0 ,0 ,0 ,0 ,0  ,0  ,0  ,0 ,0 ,0 ,0 ,0 ,0  ,0  ,0 ,0 ,0 ,0 ,0  ,0 ,0 ,0  ,0  ,0  ,0  ,0  ,0  ,0  ,0  ,0  ,0  ,0  ,0  ,0  ,0  ,0  ,0  ,0  ,0  ,0  ,0   ,0   ,0   ,0   ,0   ,0   ,0   ,0   ,0   ,0  ,0  ,0  ,0   ,0   ,0   ,0   ,0   ,0   ,0   ,0   ,0   ,0   ,0   ,0  ,0  ,0  ,0   ,0  ,0  ,0  ,0  ,0  ,0  ,0  ,0  ,0  ,0   ,0  ,0  ,0  ,0  ,0   ,0   ,0   ,0   ,0  ,0  ,0   ,0  ,0  ,0  ,0    ,0  ,0  ,0   ,0  ,0   ,0   ,0  ,0  ,0   ,0  ,0   ,0   ,0   ,0   ,0   ,0  ,0   ,0   ,0  ,0   ,0   ,0   ,0   ,0   ,0   ,0   ,0   ,0  ,0   ,0   ,0   ,0   ,0   ,0   ,0   ,0   ,0   ,557 ,297 ,571 ,927 ,813 ,900 ,616 ,716 ,483 ,2019,315 ,353 ,301 ,366 ,579  ,2317 ,0
0   ,0,0,0  ,0  ,0  ,0 ,0 ,0 ,0 ,0 ,0,0,0 ,0,0 ,0 ,0 ,0 ,0 ,0 ,0 ,0 ,0 ,0 ,0 ,0 ,0 ,0 ,0 ,0 ,0 ,0 ,0,0 ,0 ,0 ,0 ,0 ,0 ,0 ,0 ,0 ,0 ,0,0,0 ,0 ,0,0 ,0 ,0 ,0,0 ,0 ,0 ,0 ,0 ,0 ,0 ,0 ,0 ,0  ,0 ,0,0,0,0,0,0,0,0,0,0,0 ,0 ,0 ,0 ,0 ,0 ,0 ,0 ,0 ,0,0 ,0,0 ,0,0,0 ,0 ,0 ,0,0 ,0 ,0 ,0 ,0 ,0 ,0 ,0 ,0 ,0 ,0 ,0 ,0 ,0 ,0 ,0 ,0 ,0 ,0 ,0 ,0 ,0  ,0  ,0  ,0 ,0 ,0 ,0 ,0 ,0  ,0  ,0 ,0 ,0 ,0 ,0  ,0 ,0 ,0  ,0  ,0  ,0  ,0  ,0  ,0  ,0  ,0  ,0  ,0  ,0  ,0  ,0  ,0  ,0  ,0  ,0  ,0  ,0   ,0   ,0   ,0   ,0   ,0   ,0   ,0   ,0   ,0  ,0  ,0  ,0   ,0   ,0   ,0   ,0   ,0   ,0   ,0   ,0   ,0   ,0   ,0  ,0  ,0  ,0   ,0  ,0  ,0  ,0  ,0  ,0  ,0  ,0  ,0  ,0   ,0  ,0  ,0  ,0  ,0   ,0   ,0   ,0   ,0  ,0  ,0   ,0  ,0  ,0  ,0    ,0  ,0  ,0   ,0  ,0   ,0   ,0  ,0  ,0   ,0  ,0   ,0   ,0   ,0   ,0   ,0  ,0   ,0   ,0  ,0   ,0   ,0   ,0   ,0   ,0   ,0   ,0   ,0  ,0   ,0   ,0   ,0   ,0   ,0   ,0   ,0   ,0   ,593 ,230 ,733 ,699 ,801 ,858 ,679 ,748 ,484 ,1997,370 ,388 ,352 ,433 ,981  ,1699 ,0
0   ,0,0,0  ,0  ,0  ,0 ,0 ,0 ,0 ,0 ,0,0,0 ,0,0 ,0 ,0 ,0 ,0 ,0 ,0 ,0 ,0 ,0 ,0 ,0 ,0 ,0 ,0 ,0 ,0 ,0 ,0,0 ,0 ,0 ,0 ,0 ,0 ,0 ,0 ,0 ,0 ,0,0,0 ,0 ,0,0 ,0 ,0 ,0,0 ,0 ,0 ,0 ,0 ,0 ,0 ,0 ,0 ,0  ,0 ,0,0,0,0,0,0,0,0,0,0,0 ,0 ,0 ,0 ,0 ,0 ,0 ,0 ,0 ,0,0 ,0,0 ,0,0,0 ,0 ,0 ,0,0 ,0 ,0 ,0 ,0 ,0 ,0 ,0 ,0 ,0 ,0 ,0 ,0 ,0 ,0 ,0 ,0 ,0 ,0 ,0 ,0 ,0  ,0  ,0  ,0 ,0 ,0 ,0 ,0 ,0  ,0  ,0 ,0 ,0 ,0 ,0  ,0 ,0 ,0  ,0  ,0  ,0  ,0  ,0  ,0  ,0  ,0  ,0  ,0  ,0  ,0  ,0  ,0  ,0  ,0  ,0  ,0  ,0   ,0   ,0   ,0   ,0   ,0   ,0   ,0   ,0   ,0  ,0  ,0  ,0   ,0   ,0   ,0   ,0   ,0   ,0   ,0   ,0   ,0   ,0   ,0  ,0  ,0  ,0   ,0  ,0  ,0  ,0  ,0  ,0  ,0  ,0  ,0  ,0   ,0  ,0  ,0  ,0  ,0   ,0   ,0   ,0   ,0  ,0  ,0   ,0  ,0  ,0  ,0    ,0  ,0  ,0   ,0  ,0   ,0   ,0  ,0  ,0   ,0  ,0   ,0   ,0   ,0   ,0   ,0  ,0   ,0   ,0  ,0   ,0   ,0   ,0   ,0   ,0   ,0   ,0   ,0  ,0   ,0   ,0   ,0   ,0   ,0   ,0   ,0   ,0   ,573 ,311 ,353 ,1054,726 ,994 ,628 ,660 ,467 ,2077,336 ,415 ,296 ,403 ,1213 ,1550 ,0
0   ,0,0,0  ,0  ,0  ,0 ,0 ,0 ,0 ,0 ,0,0,0 ,0,0 ,0 ,0 ,0 ,0 ,0 ,0 ,0 ,0 ,0 ,0 ,0 ,0 ,0 ,0 ,0 ,0 ,0 ,0,0 ,0 ,0 ,0 ,0 ,0 ,0 ,0 ,0 ,0 ,0,0,0 ,0 ,0,0 ,0 ,0 ,0,0 ,0 ,0 ,0 ,0 ,0 ,0 ,0 ,0 ,0  ,0 ,0,0,0,0,0,0,0,0,0,0,0 ,0 ,0 ,0 ,0 ,0 ,0 ,0 ,0 ,0,0 ,0,0 ,0,0,0 ,0 ,0 ,0,0 ,0 ,0 ,0 ,0 ,0 ,0 ,0 ,0 ,0 ,0 ,0 ,0 ,0 ,0 ,0 ,0 ,0 ,0 ,0 ,0 ,0  ,0  ,0  ,0 ,0 ,0 ,0 ,0 ,0  ,0  ,0 ,0 ,0 ,0 ,0  ,0 ,0 ,0  ,0  ,0  ,0  ,0  ,0  ,0  ,0  ,0  ,0  ,0  ,0  ,0  ,0  ,0  ,0  ,0  ,0  ,0  ,0   ,0   ,0   ,0   ,0   ,0   ,0   ,0   ,0   ,0  ,0  ,0  ,0   ,0   ,0   ,0   ,0   ,0   ,0   ,0   ,0   ,0   ,0   ,0  ,0  ,0  ,0   ,0  ,0  ,0  ,0  ,0  ,0  ,0  ,0  ,0  ,0   ,0  ,0  ,0  ,0  ,0   ,0   ,0   ,0   ,0  ,0  ,0   ,0  ,0  ,0  ,0    ,0  ,0  ,0   ,0  ,0   ,0   ,0  ,0  ,0   ,0  ,0   ,0   ,0   ,0   ,0   ,0  ,0   ,0   ,0  ,0   ,0   ,0   ,0   ,0   ,0   ,0   ,0   ,0  ,0   ,0   ,0   ,0   ,0   ,0   ,0   ,0   ,0   ,230 ,445 ,683 ,755 ,774 ,1029,622 ,687 ,480 ,2004,431 ,347 ,287 ,367 ,684  ,1831 ,0
0   ,0,0,0  ,0  ,0  ,0 ,0 ,0 ,0 ,0 ,0,0,0 ,0,0 ,0 ,0 ,0 ,0 ,0 ,0 ,0 ,0 ,0 ,0 ,0 ,0 ,0 ,0 ,0 ,0 ,0 ,0,0 ,0 ,0 ,0 ,0 ,0 ,0 ,0 ,0 ,0 ,0,0,0 ,0 ,0,0 ,0 ,0 ,0,0 ,0 ,0 ,0 ,0 ,0 ,0 ,0 ,0 ,0  ,0 ,0,0,0,0,0,0,0,0,0,0,0 ,0 ,0 ,0 ,0 ,0 ,0 ,0 ,0 ,0,0 ,0,0 ,0,0,0 ,0 ,0 ,0,0 ,0 ,0 ,0 ,0 ,0 ,0 ,0 ,0 ,0 ,0 ,0 ,0 ,0 ,0 ,0 ,0 ,0 ,0 ,0 ,0 ,0  ,0  ,0  ,0 ,0 ,0 ,0 ,0 ,0  ,0  ,0 ,0 ,0 ,0 ,0  ,0 ,0 ,0  ,0  ,0  ,0  ,0  ,0  ,0  ,0  ,0  ,0  ,0  ,0  ,0  ,0  ,0  ,0  ,0  ,0  ,0  ,0   ,0   ,0   ,0   ,0   ,0   ,0   ,0   ,0   ,0  ,0  ,0  ,0   ,0   ,0   ,0   ,0   ,0   ,0   ,0   ,0   ,0   ,0   ,0  ,0  ,0  ,0   ,0  ,0  ,0  ,0  ,0  ,0  ,0  ,0  ,0  ,0   ,0  ,0  ,0  ,0  ,0   ,0   ,0   ,0   ,0  ,0  ,0   ,0  ,0  ,0  ,0    ,0  ,0  ,0   ,0  ,0   ,0   ,0  ,0  ,0   ,0  ,0   ,0   ,0   ,0   ,0   ,0  ,0   ,0   ,0  ,0   ,0   ,0   ,0   ,0   ,0   ,0   ,0   ,0  ,0   ,0   ,0   ,0   ,0   ,0   ,0   ,0   ,57  ,517 ,223 ,378 ,989 ,722 ,1028,685 ,743 ,423 ,2059,339 ,350 ,360 ,377 ,1474 ,1639 ,0
0   ,0,0,0  ,0  ,0  ,0 ,0 ,0 ,0 ,0 ,0,0,0 ,0,0 ,0 ,0 ,0 ,0 ,0 ,0 ,0 ,0 ,0 ,0 ,0 ,0 ,0 ,0 ,0 ,0 ,0 ,0,0 ,0 ,0 ,0 ,0 ,0 ,0 ,0 ,0 ,0 ,0,0,0 ,0 ,0,0 ,0 ,0 ,0,0 ,0 ,0 ,0 ,0 ,0 ,0 ,0 ,0 ,0  ,0 ,0,0,0,0,0,0,0,0,0,0,0 ,0 ,0 ,0 ,0 ,0 ,0 ,0 ,0 ,0,0 ,0,0 ,0,0,0 ,0 ,0 ,0,0 ,0 ,0 ,0 ,0 ,0 ,0 ,0 ,0 ,0 ,0 ,0 ,0 ,0 ,0 ,0 ,0 ,0 ,0 ,0 ,0 ,0  ,0  ,0  ,0 ,0 ,0 ,0 ,0 ,0  ,0  ,0 ,0 ,0 ,0 ,0  ,0 ,0 ,0  ,0  ,0  ,0  ,0  ,0  ,0  ,0  ,0  ,0  ,0  ,0  ,0  ,0  ,0  ,0  ,0  ,0  ,0  ,0   ,0   ,0   ,0   ,0   ,0   ,0   ,0   ,0   ,0  ,0  ,0  ,0   ,0   ,0   ,0   ,0   ,0   ,0   ,0   ,0   ,0   ,0   ,0  ,0  ,0  ,0   ,0  ,0  ,0  ,0  ,0  ,0  ,0  ,0  ,0  ,0   ,0  ,0  ,0  ,0  ,0   ,0   ,0   ,0   ,0  ,0  ,0   ,0  ,0  ,0  ,0    ,0  ,0  ,0   ,0  ,0   ,0   ,0  ,0  ,0   ,0  ,0   ,0   ,0   ,0   ,0   ,0  ,0   ,0   ,0  ,0   ,0   ,0   ,0   ,0   ,0   ,0   ,0   ,0  ,0   ,0   ,0   ,0   ,0   ,0   ,0   ,0   ,0   ,515 ,238 ,500 ,824 ,738 ,1047,640 ,701 ,443 ,2076,360 ,404 ,300 ,401 ,607  ,2121 ,0
0   ,0,0,0  ,0  ,0  ,0 ,0 ,0 ,0 ,0 ,0,0,0 ,0,0 ,0 ,0 ,0 ,0 ,0 ,0 ,0 ,0 ,0 ,0 ,0 ,0 ,0 ,0 ,0 ,0 ,0 ,0,0 ,0 ,0 ,0 ,0 ,0 ,0 ,0 ,0 ,0 ,0,0,0 ,0 ,0,0 ,0 ,0 ,0,0 ,0 ,0 ,0 ,0 ,0 ,0 ,0 ,0 ,0  ,0 ,0,0,0,0,0,0,0,0,0,0,0 ,0 ,0 ,0 ,0 ,0 ,0 ,0 ,0 ,0,0 ,0,0 ,0,0,0 ,0 ,0 ,0,0 ,0 ,0 ,0 ,0 ,0 ,0 ,0 ,0 ,0 ,0 ,0 ,0 ,0 ,0 ,0 ,0 ,0 ,0 ,0 ,0 ,0  ,0  ,0  ,0 ,0 ,0 ,0 ,0 ,0  ,0  ,0 ,0 ,0 ,0 ,0  ,0 ,0 ,0  ,0  ,0  ,0  ,0  ,0  ,0  ,0  ,0  ,0  ,0  ,0  ,0  ,0  ,0  ,0  ,0  ,0  ,0  ,0   ,0   ,0   ,0   ,0   ,0   ,0   ,0   ,0   ,0  ,0  ,0  ,0   ,0   ,0   ,0   ,0   ,0   ,0   ,0   ,0   ,0   ,0   ,0  ,0  ,0  ,0   ,0  ,0  ,0  ,0  ,0  ,0  ,0  ,0  ,0  ,0   ,0  ,0  ,0  ,0  ,0   ,0   ,0   ,0   ,0  ,0  ,0   ,0  ,0  ,0  ,0    ,0  ,0  ,0   ,0  ,0   ,0   ,0  ,0  ,0   ,0  ,0   ,0   ,0   ,0   ,0   ,0  ,0   ,0   ,0  ,0   ,0   ,0   ,0   ,0   ,0   ,0   ,0   ,0  ,0   ,0   ,0   ,0   ,0   ,0   ,0   ,0   ,0   ,477 ,261 ,281 ,1047,726 ,917 ,729 ,720 ,497 ,2081,339 ,367 ,308 ,436 ,1377 ,1385 ,0
0   ,0,0,0  ,0  ,0  ,0 ,0 ,0 ,0 ,0 ,0,0,0 ,0,0 ,0 ,0 ,0 ,0 ,0 ,0 ,0 ,0 ,0 ,0 ,0 ,0 ,0 ,0 ,0 ,0 ,0 ,0,0 ,0 ,0 ,0 ,0 ,0 ,0 ,0 ,0 ,0 ,0,0,0 ,0 ,0,0 ,0 ,0 ,0,0 ,0 ,0 ,0 ,0 ,0 ,0 ,0 ,0 ,0  ,0 ,0,0,0,0,0,0,0,0,0,0,0 ,0 ,0 ,0 ,0 ,0 ,0 ,0 ,0 ,0,0 ,0,0 ,0,0,0 ,0 ,0 ,0,0 ,0 ,0 ,0 ,0 ,0 ,0 ,0 ,0 ,0 ,0 ,0 ,0 ,0 ,0 ,0 ,0 ,0 ,0 ,0 ,0 ,0  ,0  ,0  ,0 ,0 ,0 ,0 ,0 ,0  ,0  ,0 ,0 ,0 ,0 ,0  ,0 ,0 ,0  ,0  ,0  ,0  ,0  ,0  ,0  ,0  ,0  ,0  ,0  ,0  ,0  ,0  ,0  ,0  ,0  ,0  ,0  ,0   ,0   ,0   ,0   ,0   ,0   ,0   ,0   ,0   ,0  ,0  ,0  ,0   ,0   ,0   ,0   ,0   ,0   ,0   ,0   ,0   ,0   ,0   ,0  ,0  ,0  ,0   ,0  ,0  ,0  ,0  ,0  ,0  ,0  ,0  ,0  ,0   ,0  ,0  ,0  ,0  ,0   ,0   ,0   ,0   ,0  ,0  ,0   ,0  ,0  ,0  ,0    ,0  ,0  ,0   ,0  ,0   ,0   ,0  ,0  ,0   ,0  ,0   ,0   ,0   ,0   ,0   ,0  ,0   ,0   ,0  ,0   ,0   ,0   ,0   ,0   ,0   ,0   ,0   ,0  ,0   ,0   ,0   ,0   ,0   ,0   ,0   ,0   ,0   ,665 ,239 ,385 ,1020,721 ,1031,661 ,674 ,502 ,2101,333 ,401 ,304 ,419 ,429  ,2055 ,0
0   ,0,0,0  ,0  ,0  ,0 ,0 ,0 ,0 ,0 ,0,0,0 ,0,0 ,0 ,0 ,0 ,0 ,0 ,0 ,0 ,0 ,0 ,0 ,0 ,0 ,0 ,0 ,0 ,0 ,0 ,0,0 ,0 ,0 ,0 ,0 ,0 ,0 ,0 ,0 ,0 ,0,0,0 ,0 ,0,0 ,0 ,0 ,0,0 ,0 ,0 ,0 ,0 ,0 ,0 ,0 ,0 ,0  ,0 ,0,0,0,0,0,0,0,0,0,0,0 ,0 ,0 ,0 ,0 ,0 ,0 ,0 ,0 ,0,0 ,0,0 ,0,0,0 ,0 ,0 ,0,0 ,0 ,0 ,0 ,0 ,0 ,0 ,0 ,0 ,0 ,0 ,0 ,0 ,0 ,0 ,0 ,0 ,0 ,0 ,0 ,0 ,0  ,0  ,0  ,0 ,0 ,0 ,0 ,0 ,0  ,0  ,0 ,0 ,0 ,0 ,0  ,0 ,0 ,0  ,0  ,0  ,0  ,0  ,0  ,0  ,0  ,0  ,0  ,0  ,0  ,0  ,0  ,0  ,0  ,0  ,0  ,0  ,0   ,0   ,0   ,0   ,0   ,0   ,0   ,0   ,0   ,0  ,0  ,0  ,0   ,0   ,0   ,0   ,0   ,0   ,0   ,0   ,0   ,0   ,0   ,0  ,0  ,0  ,0   ,0  ,0  ,0  ,0  ,0  ,0  ,0  ,0  ,0  ,0   ,0  ,0  ,0  ,0  ,0   ,0   ,0   ,0   ,0  ,0  ,0   ,0  ,0  ,0  ,0    ,0  ,0  ,0   ,0  ,0   ,0   ,0  ,0  ,0   ,0  ,0   ,0   ,0   ,0   ,0   ,0  ,0   ,0   ,0  ,0   ,0   ,0   ,0   ,0   ,0   ,0   ,0   ,0  ,0   ,0   ,0   ,0   ,0   ,0   ,0   ,0   ,0   ,706 ,310 ,809 ,664 ,780 ,997 ,646 ,708 ,398 ,2049,294 ,394 ,287 ,421 ,741  ,1833 ,0
0   ,0,0,0  ,0  ,0  ,0 ,0 ,0 ,0 ,0 ,0,0,0 ,0,0 ,0 ,0 ,0 ,0 ,0 ,0 ,0 ,0 ,0 ,0 ,0 ,0 ,0 ,0 ,0 ,0 ,0 ,0,0 ,0 ,0 ,0 ,0 ,0 ,0 ,0 ,0 ,0 ,0,0,0 ,0 ,0,0 ,0 ,0 ,0,0 ,0 ,0 ,0 ,0 ,0 ,0 ,0 ,0 ,0  ,0 ,0,0,0,0,0,0,0,0,0,0,0 ,0 ,0 ,0 ,0 ,0 ,0 ,0 ,0 ,0,0 ,0,0 ,0,0,0 ,0 ,0 ,0,0 ,0 ,0 ,0 ,0 ,0 ,0 ,0 ,0 ,0 ,0 ,0 ,0 ,0 ,0 ,0 ,0 ,0 ,0 ,0 ,0 ,0  ,0  ,0  ,0 ,0 ,0 ,0 ,0 ,0  ,0  ,0 ,0 ,0 ,0 ,0  ,0 ,0 ,0  ,0  ,0  ,0  ,0  ,0  ,0  ,0  ,0  ,0  ,0  ,0  ,0  ,0  ,0  ,0  ,0  ,0  ,0  ,0   ,0   ,0   ,0   ,0   ,0   ,0   ,0   ,0   ,0  ,0  ,0  ,0   ,0   ,0   ,0   ,0   ,0   ,0   ,0   ,0   ,0   ,0   ,0  ,0  ,0  ,0   ,0  ,0  ,0  ,0  ,0  ,0  ,0  ,0  ,0  ,0   ,0  ,0  ,0  ,0  ,0   ,0   ,0   ,0   ,0  ,0  ,0   ,0  ,0  ,0  ,0    ,0  ,0  ,0   ,0  ,0   ,0   ,0  ,0  ,0   ,0  ,0   ,0   ,0   ,0   ,0   ,0  ,0   ,0   ,0  ,0   ,0   ,0   ,0   ,0   ,0   ,0   ,0   ,0  ,0   ,0   ,0   ,0   ,0   ,0   ,0   ,0   ,0   ,648 ,263 ,323 ,1064,802 ,999 ,671 ,772 ,463 ,2121,279 ,355 ,256 ,402 ,618  ,2071 ,0
0   ,0,0,0  ,0  ,0  ,0 ,0 ,0 ,0 ,0 ,0,0,0 ,0,0 ,0 ,0 ,0 ,0 ,0 ,0 ,0 ,0 ,0 ,0 ,0 ,0 ,0 ,0 ,0 ,0 ,0 ,0,0 ,0 ,0 ,0 ,0 ,0 ,0 ,0 ,0 ,0 ,0,0,0 ,0 ,0,0 ,0 ,0 ,0,0 ,0 ,0 ,0 ,0 ,0 ,0 ,0 ,0 ,0  ,0 ,0,0,0,0,0,0,0,0,0,0,0 ,0 ,0 ,0 ,0 ,0 ,0 ,0 ,0 ,0,0 ,0,0 ,0,0,0 ,0 ,0 ,0,0 ,0 ,0 ,0 ,0 ,0 ,0 ,0 ,0 ,0 ,0 ,0 ,0 ,0 ,0 ,0 ,0 ,0 ,0 ,0 ,0 ,0  ,0  ,0  ,0 ,0 ,0 ,0 ,0 ,0  ,0  ,0 ,0 ,0 ,0 ,0  ,0 ,0 ,0  ,0  ,0  ,0  ,0  ,0  ,0  ,0  ,0  ,0  ,0  ,0  ,0  ,0  ,0  ,0  ,0  ,0  ,0  ,0   ,0   ,0   ,0   ,0   ,0   ,0   ,0   ,0   ,0  ,0  ,0  ,0   ,0   ,0   ,0   ,0   ,0   ,0   ,0   ,0   ,0   ,0   ,0  ,0  ,0  ,0   ,0  ,0  ,0  ,0  ,0  ,0  ,0  ,0  ,0  ,0   ,0  ,0  ,0  ,0  ,0   ,0   ,0   ,0   ,0  ,0  ,0   ,0  ,0  ,0  ,0    ,0  ,0  ,0   ,0  ,0   ,0   ,0  ,0  ,0   ,0  ,0   ,0   ,0   ,0   ,0   ,0  ,0   ,0   ,0  ,0   ,0   ,0   ,0   ,0   ,0   ,0   ,0   ,0  ,0   ,0   ,0   ,0   ,0   ,0   ,0   ,49  ,595 ,282 ,749 ,841 ,865 ,767 ,658 ,608 ,782 ,1814,431 ,530 ,481 ,551 ,796 ,1503 ,1771 ,0
0   ,0,0,0  ,0  ,0  ,0 ,0 ,0 ,0 ,0 ,0,0,0 ,0,0 ,0 ,0 ,0 ,0 ,0 ,0 ,0 ,0 ,0 ,0 ,0 ,0 ,0 ,0 ,0 ,0 ,0 ,0,0 ,0 ,0 ,0 ,0 ,0 ,0 ,0 ,0 ,0 ,0,0,0 ,0 ,0,0 ,0 ,0 ,0,0 ,0 ,0 ,0 ,0 ,0 ,0 ,0 ,0 ,0  ,0 ,0,0,0,0,0,0,0,0,0,0,0 ,0 ,0 ,0 ,0 ,0 ,0 ,0 ,0 ,0,0 ,0,0 ,0,0,0 ,0 ,0 ,0,0 ,0 ,0 ,0 ,0 ,0 ,0 ,0 ,0 ,0 ,0 ,0 ,0 ,0 ,0 ,0 ,0 ,0 ,0 ,0 ,0 ,0  ,0  ,0  ,0 ,0 ,0 ,0 ,0 ,0  ,0  ,0 ,0 ,0 ,0 ,0  ,0 ,0 ,0  ,0  ,0  ,0  ,0  ,0  ,0  ,0  ,0  ,0  ,0  ,0  ,0  ,0  ,0  ,0  ,0  ,0  ,0  ,0   ,0   ,0   ,0   ,0   ,0   ,0   ,0   ,0   ,0  ,0  ,0  ,0   ,0   ,0   ,0   ,0   ,0   ,0   ,0   ,0   ,0   ,0   ,0  ,0  ,0  ,0   ,0  ,0  ,0  ,0  ,0  ,0  ,0  ,0  ,0  ,0   ,0  ,0  ,0  ,0  ,0   ,0   ,0   ,0   ,0  ,0  ,0   ,0  ,0  ,0  ,0    ,0  ,0  ,0   ,0  ,0   ,0   ,0  ,0  ,0   ,0  ,0   ,0   ,0   ,0   ,0   ,0  ,0   ,0   ,0  ,0   ,0   ,0   ,0   ,0   ,0   ,0   ,0   ,0  ,0   ,0   ,0   ,0   ,0   ,0   ,0   ,0   ,213 ,557 ,768 ,1104,1157,851 ,471 ,482 ,620 ,1763,342 ,521 ,338 ,524 ,846 ,1064 ,2916 ,0
0   ,0,0,0  ,0  ,0  ,0 ,0 ,0 ,0 ,0 ,0,0,0 ,0,0 ,0 ,0 ,0 ,0 ,0 ,0 ,0 ,0 ,0 ,0 ,0 ,0 ,0 ,0 ,0 ,0 ,0 ,0,0 ,0 ,0 ,0 ,0 ,0 ,0 ,0 ,0 ,0 ,0,0,0 ,0 ,0,0 ,0 ,0 ,0,0 ,0 ,0 ,0 ,0 ,0 ,0 ,0 ,0 ,0  ,0 ,0,0,0,0,0,0,0,0,0,0,0 ,0 ,0 ,0 ,0 ,0 ,0 ,0 ,0 ,0,0 ,0,0 ,0,0,0 ,0 ,0 ,0,0 ,0 ,0 ,0 ,0 ,0 ,0 ,0 ,0 ,0 ,0 ,0 ,0 ,0 ,0 ,0 ,0 ,0 ,0 ,0 ,0 ,0  ,0  ,0  ,0 ,0 ,0 ,0 ,0 ,0  ,0  ,0 ,0 ,0 ,0 ,0  ,0 ,0 ,0  ,0  ,0  ,0  ,0  ,0  ,0  ,0  ,0  ,0  ,0  ,0  ,0  ,0  ,0  ,0  ,0  ,0  ,0  ,0   ,0   ,0   ,0   ,0   ,0   ,0   ,0   ,0   ,0  ,0  ,0  ,0   ,0   ,0   ,0   ,0   ,0   ,0   ,0   ,0   ,0   ,0   ,0  ,0  ,0  ,0   ,0  ,0  ,0  ,0  ,0  ,0  ,0  ,0  ,0  ,0   ,0  ,0  ,0  ,0  ,0   ,0   ,0   ,0   ,0  ,0  ,0   ,0  ,0  ,0  ,0    ,0  ,0  ,0   ,0  ,0   ,0   ,0  ,0  ,0   ,0  ,0   ,0   ,0   ,0   ,0   ,0  ,0   ,0   ,0  ,0   ,0   ,0   ,0   ,0   ,0   ,0   ,0   ,0  ,0   ,0   ,0   ,0   ,0   ,0   ,0   ,0   ,0   ,415 ,1748,1682,1342,605 ,426 ,386 ,980 ,1242,277 ,600 ,285 ,721 ,657 ,2063 ,2856 ,0
0   ,0,0,0  ,0  ,0  ,0 ,0 ,0 ,0 ,0 ,0,0,0 ,0,0 ,0 ,0 ,0 ,0 ,0 ,0 ,0 ,0 ,0 ,0 ,0 ,0 ,0 ,0 ,0 ,0 ,0 ,0,0 ,0 ,0 ,0 ,0 ,0 ,0 ,0 ,0 ,0 ,0,0,0 ,0 ,0,0 ,0 ,0 ,0,0 ,0 ,0 ,0 ,0 ,0 ,0 ,0 ,0 ,0  ,0 ,0,0,0,0,0,0,0,0,0,0,0 ,0 ,0 ,0 ,0 ,0 ,0 ,0 ,0 ,0,0 ,0,0 ,0,0,0 ,0 ,0 ,0,0 ,0 ,0 ,0 ,0 ,0 ,0 ,0 ,0 ,0 ,0 ,0 ,0 ,0 ,0 ,0 ,0 ,0 ,0 ,0 ,0 ,0  ,0  ,0  ,0 ,0 ,0 ,0 ,0 ,0  ,0  ,0 ,0 ,0 ,0 ,0  ,0 ,0 ,0  ,0  ,0  ,0  ,0  ,0  ,0  ,0  ,0  ,0  ,0  ,0  ,0  ,0  ,0  ,0  ,0  ,0  ,0  ,0   ,0   ,0   ,0   ,0   ,0   ,0   ,0   ,0   ,0  ,0  ,0  ,0   ,0   ,0   ,0   ,0   ,0   ,0   ,0   ,0   ,0   ,0   ,0  ,0  ,0  ,0   ,0  ,0  ,0  ,0  ,0  ,0  ,0  ,0  ,0  ,0   ,0  ,0  ,0  ,0  ,0   ,0   ,0   ,0   ,0  ,0  ,0   ,0  ,0  ,0  ,0    ,0  ,0  ,0   ,0  ,0   ,0   ,0  ,0  ,0   ,0  ,0   ,0   ,0   ,0   ,0   ,0  ,0   ,0   ,0  ,0   ,0   ,0   ,0   ,0   ,0   ,0   ,0   ,0  ,0   ,0   ,0   ,3   ,2   ,6   ,6   ,12  ,20  ,200 ,2408,1996,1205,651 ,506 ,697 ,809 ,1018,494 ,746 ,477 ,662 ,1405,657  ,2646 ,0
0   ,0,0,0  ,0  ,0  ,0 ,0 ,0 ,0 ,0 ,0,0,0 ,0,0 ,0 ,0 ,0 ,0 ,0 ,0 ,0 ,0 ,0 ,0 ,0 ,0 ,0 ,0 ,0 ,0 ,0 ,0,0 ,0 ,0 ,0 ,0 ,0 ,0 ,0 ,0 ,0 ,0,0,0 ,0 ,0,0 ,0 ,3 ,1,0 ,2 ,0 ,1 ,3 ,0 ,0 ,0 ,0 ,0  ,0 ,0,2,0,1,0,0,1,0,0,0,0 ,1 ,2 ,1 ,1 ,0 ,0 ,0 ,0 ,0,0 ,0,0 ,0,0,0 ,0 ,0 ,0,0 ,2 ,0 ,0 ,2 ,2 ,1 ,0 ,0 ,0 ,0 ,2 ,0 ,0 ,0 ,0 ,0 ,0 ,0 ,0 ,1 ,0  ,1  ,0  ,1 ,0 ,1 ,0 ,0 ,0  ,0  ,0 ,0 ,0 ,0 ,0  ,0 ,0 ,0  ,0  ,0  ,0  ,1  ,0  ,0  ,0  ,0  ,0  ,1  ,1  ,3  ,3  ,0  ,2  ,3  ,3  ,3  ,1   ,3   ,5   ,1   ,2   ,1   ,9   ,1   ,1   ,0  ,0  ,0  ,1   ,0   ,0   ,2   ,4   ,1   ,0   ,1   ,3   ,5   ,5   ,9  ,4  ,6  ,6   ,7  ,1  ,8  ,5  ,0  ,5  ,11 ,3  ,4  ,1   ,1  ,2  ,1  ,2  ,1   ,3   ,1   ,2   ,3  ,3  ,1   ,2  ,2  ,1  ,3    ,4  ,0  ,0   ,1  ,1   ,0   ,0  ,4  ,2   ,2  ,0   ,3   ,3   ,0   ,3   ,1  ,1   ,0   ,1  ,0   ,2   ,2   ,8   ,3   ,9   ,4   ,9   ,5  ,0   ,3   ,4   ,10  ,7   ,11  ,7   ,11  ,24  ,44  ,42  ,1804,2692,1750,1898,762 ,672 ,872 ,1038,1466,1045,680 ,1005,5049 ,7256 ,0
0   ,0,0,0  ,0  ,0  ,0 ,0 ,0 ,0 ,0 ,0,0,0 ,0,0 ,0 ,0 ,0 ,0 ,0 ,0 ,0 ,0 ,0 ,0 ,0 ,0 ,0 ,0 ,0 ,0 ,0 ,0,0 ,0 ,0 ,0 ,0 ,0 ,0 ,0 ,0 ,0 ,0,0,1 ,1 ,3,0 ,4 ,2 ,4,2 ,0 ,2 ,2 ,1 ,0 ,0 ,0 ,0 ,0  ,0 ,0,0,1,3,0,1,4,3,1,3,5 ,8 ,12,7 ,2 ,4 ,5 ,9 ,6 ,2,13,5,12,8,2,4 ,1 ,2 ,6,4 ,1 ,1 ,3 ,0 ,0 ,0 ,3 ,1 ,3 ,3 ,0 ,1 ,2 ,2 ,1 ,0 ,2 ,0 ,0 ,0 ,1  ,0  ,0  ,1 ,1 ,0 ,0 ,0 ,2  ,1  ,0 ,0 ,0 ,1 ,2  ,2 ,3 ,4  ,0  ,1  ,4  ,4  ,2  ,1  ,0  ,0  ,0  ,1  ,0  ,0  ,2  ,1  ,0  ,0  ,2  ,4  ,0   ,0   ,1   ,0   ,1   ,2   ,0   ,0   ,1   ,0  ,1  ,0  ,0   ,0   ,0   ,0   ,0   ,0   ,0   ,0   ,0   ,1   ,1   ,0  ,0  ,2  ,1   ,1  ,1  ,0  ,0  ,1  ,0  ,0  ,2  ,4  ,2   ,1  ,2  ,7  ,3  ,0   ,0   ,0   ,10  ,2  ,1  ,4   ,0  ,6  ,2  ,0    ,4  ,8  ,2   ,2  ,8   ,1   ,3  ,1  ,3   ,5  ,5   ,5   ,4   ,0   ,0   ,0  ,0   ,0   ,0  ,0   ,1   ,0   ,3   ,5   ,0   ,1   ,0   ,0  ,0   ,1   ,0   ,2   ,1   ,1   ,1   ,1   ,2   ,3   ,18  ,2135,2192,1483,1821,847 ,657 ,750 ,1067,1357,1555,768 ,895 ,4196 ,8307 ,0
0   ,0,0,0  ,0  ,0  ,0 ,0 ,0 ,0 ,0 ,0,0,0 ,0,0 ,0 ,0 ,0 ,0 ,0 ,0 ,0 ,0 ,0 ,0 ,0 ,0 ,0 ,0 ,0 ,0 ,0 ,0,0 ,0 ,0 ,0 ,0 ,0 ,0 ,0 ,0 ,0 ,0,0,0 ,0 ,0,0 ,0 ,0 ,2,4 ,1 ,3 ,2 ,1 ,0 ,0 ,0 ,0 ,1  ,0 ,3,2,0,1,0,2,0,0,1,4,2 ,0 ,2 ,0 ,1 ,2 ,0 ,1 ,0 ,0,1 ,0,1 ,5,3,1 ,2 ,2 ,1,0 ,0 ,0 ,0 ,1 ,4 ,3 ,0 ,6 ,1 ,4 ,4 ,2 ,1 ,3 ,2 ,1 ,0 ,1 ,0 ,6 ,2  ,3  ,0  ,0 ,1 ,1 ,10,8 ,8  ,5  ,4 ,5 ,0 ,0 ,0  ,0 ,1 ,2  ,1  ,3  ,4  ,3  ,1  ,1  ,1  ,1  ,2  ,0  ,1  ,1  ,1  ,0  ,1  ,2  ,0  ,3  ,1   ,2   ,3   ,2   ,4   ,1   ,2   ,3   ,1   ,0  ,2  ,5  ,4   ,1   ,1   ,0   ,0   ,0   ,0   ,1   ,1   ,0   ,3   ,1  ,3  ,0  ,0   ,1  ,3  ,2  ,4  ,2  ,7  ,2  ,7  ,3  ,0   ,1  ,2  ,7  ,1  ,1   ,2   ,1   ,2   ,5  ,1  ,4   ,1  ,0  ,2  ,6    ,0  ,0  ,0   ,0  ,2   ,8   ,1  ,3  ,2   ,4  ,13  ,6   ,7   ,7   ,0   ,2  ,1   ,0   ,0  ,0   ,0   ,2   ,0   ,0   ,1   ,3   ,6   ,0  ,0   ,0   ,0   ,1   ,1   ,5   ,3   ,3   ,28  ,16  ,30  ,3061,2634,1617,1895,880 ,568 ,741 ,1171,1487,1676,1002,949 ,3689 ,8861 ,0
0   ,0,0,0  ,0  ,0  ,0 ,0 ,0 ,0 ,0 ,0,0,0 ,0,0 ,0 ,0 ,0 ,0 ,0 ,0 ,0 ,0 ,0 ,0 ,0 ,0 ,0 ,0 ,0 ,0 ,0 ,0,0 ,0 ,0 ,0 ,0 ,0 ,0 ,0 ,0 ,0 ,0,0,0 ,2 ,2,0 ,2 ,3 ,0,1 ,2 ,1 ,0 ,1 ,1 ,1 ,3 ,0 ,2  ,0 ,0,1,0,1,1,0,0,2,0,0,0 ,0 ,0 ,0 ,0 ,1 ,0 ,0 ,0 ,0,0 ,1,0 ,1,1,0 ,0 ,2 ,0,0 ,3 ,0 ,0 ,0 ,0 ,1 ,3 ,3 ,0 ,2 ,0 ,2 ,2 ,5 ,2 ,4 ,2 ,3 ,4 ,4 ,3  ,0  ,0  ,1 ,1 ,2 ,2 ,4 ,2  ,0  ,1 ,0 ,3 ,4 ,10 ,9 ,7 ,5  ,4  ,2  ,4  ,3  ,2  ,0  ,1  ,3  ,3  ,3  ,3  ,0  ,0  ,1  ,1  ,1  ,0  ,0  ,0   ,1   ,0   ,1   ,0   ,0   ,0   ,0   ,2   ,3  ,0  ,2  ,3   ,4   ,5   ,0   ,0   ,1   ,2   ,2   ,2   ,4   ,2   ,4  ,4  ,3  ,0   ,0  ,1  ,1  ,0  ,0  ,3  ,4  ,1  ,3  ,3   ,0  ,1  ,0  ,0  ,0   ,1   ,0   ,1   ,1  ,0  ,5   ,0  ,4  ,2  ,5    ,6  ,1  ,1   ,1  ,7   ,1   ,0  ,9  ,2   ,2  ,2   ,1   ,2   ,1   ,7   ,6  ,3   ,1   ,4  ,9   ,4   ,0   ,8   ,6   ,7   ,2   ,13  ,2  ,2   ,4   ,4   ,6   ,2   ,3   ,6   ,10  ,19  ,24  ,15  ,2323,3178,1745,1549,1194,593 ,565 ,1030,1604,1717,1144,925 ,3475 ,9171 ,0
0   ,0,0,0  ,0  ,0  ,0 ,0 ,0 ,0 ,0 ,0,0,0 ,0,0 ,0 ,0 ,0 ,0 ,0 ,0 ,0 ,0 ,0 ,0 ,0 ,0 ,0 ,0 ,0 ,0 ,0 ,0,0 ,0 ,0 ,0 ,0 ,0 ,0 ,0 ,0 ,0 ,0,2,1 ,2 ,1,2 ,2 ,3 ,3,0 ,1 ,0 ,0 ,1 ,2 ,0 ,0 ,0 ,0  ,0 ,0,0,0,4,0,0,0,1,0,0,0 ,0 ,0 ,0 ,1 ,1 ,1 ,0 ,1 ,1,1 ,0,0 ,1,0,0 ,0 ,0 ,0,0 ,0 ,1 ,1 ,2 ,5 ,4 ,5 ,3 ,4 ,6 ,2 ,0 ,3 ,3 ,5 ,2 ,1 ,0 ,3 ,3 ,7  ,8  ,7  ,7 ,8 ,8 ,2 ,1 ,5  ,1  ,3 ,1 ,0 ,1 ,2  ,0 ,2 ,3  ,2  ,4  ,1  ,3  ,3  ,3  ,1  ,0  ,0  ,1  ,2  ,1  ,1  ,0  ,4  ,1  ,1  ,0  ,2   ,0   ,0   ,2   ,0   ,0   ,0   ,1   ,0   ,0  ,1  ,0  ,2   ,2   ,1   ,3   ,3   ,2   ,1   ,0   ,0   ,0   ,0   ,0  ,1  ,4  ,1   ,0  ,2  ,3  ,0  ,2  ,2  ,3  ,1  ,3  ,2   ,2  ,4  ,0  ,0  ,1   ,5   ,0   ,0   ,0  ,1  ,0   ,1  ,0  ,0  ,0    ,0  ,1  ,0   ,4  ,2   ,5   ,3  ,0  ,3   ,5  ,4   ,1   ,3   ,5   ,6   ,7  ,3   ,8   ,2  ,1   ,2   ,6   ,11  ,8   ,6   ,5   ,16  ,5  ,19  ,23  ,11  ,13  ,6   ,13  ,13  ,33  ,28  ,48  ,177 ,3535,2587,1591,1970,875 ,539 ,765 ,1067,1567,1212,917 ,2084,4397 ,6803 ,0
0   ,0,0,0  ,0  ,0  ,0 ,0 ,0 ,0 ,0 ,0,0,0 ,0,0 ,0 ,0 ,0 ,0 ,0 ,0 ,0 ,0 ,0 ,0 ,0 ,0 ,0 ,0 ,0 ,0 ,0 ,0,0 ,0 ,0 ,0 ,0 ,0 ,0 ,0 ,0 ,0 ,0,0,0 ,0 ,1,0 ,0 ,1 ,0,1 ,1 ,3 ,1 ,1 ,1 ,0 ,3 ,0 ,0  ,2 ,1,1,0,0,1,0,1,0,0,0,0 ,0 ,0 ,1 ,0 ,0 ,0 ,0 ,2 ,0,0 ,0,2 ,0,0,1 ,0 ,1 ,0,2 ,1 ,1 ,0 ,0 ,0 ,0 ,0 ,1 ,0 ,0 ,0 ,0 ,0 ,0 ,2 ,0 ,0 ,1 ,0 ,1 ,1  ,1  ,0  ,0 ,1 ,1 ,0 ,0 ,2  ,0  ,3 ,2 ,2 ,1 ,0  ,1 ,0 ,0  ,1  ,0  ,0  ,0  ,0  ,1  ,1  ,0  ,1  ,2  ,1  ,0  ,4  ,2  ,0  ,3  ,0  ,2  ,0   ,0   ,3   ,1   ,3   ,4   ,4   ,3   ,4   ,5  ,3  ,4  ,1   ,0   ,0   ,0   ,1   ,6   ,0   ,3   ,6   ,3   ,2   ,5  ,3  ,3  ,4   ,0  ,8  ,8  ,10 ,5  ,7  ,9  ,0  ,1  ,3   ,2  ,0  ,1  ,2  ,1   ,3   ,3   ,4   ,5  ,2  ,2   ,1  ,1  ,0  ,1    ,1  ,1  ,2   ,3  ,4   ,6   ,0  ,1  ,3   ,3  ,2   ,3   ,1   ,5   ,1   ,1  ,1   ,0   ,1  ,1   ,1   ,0   ,3   ,5   ,5   ,3   ,5   ,13 ,1   ,4   ,9   ,8   ,9   ,12  ,4   ,26  ,19  ,14  ,60  ,3230,2755,1652,1796,912 ,598 ,605 ,1160,1575,1656,1081,796 ,3756 ,9197 ,0
0   ,0,0,0  ,0  ,0  ,0 ,0 ,0 ,0 ,0 ,0,0,0 ,0,0 ,0 ,0 ,0 ,0 ,0 ,0 ,0 ,0 ,0 ,0 ,0 ,0 ,0 ,0 ,0 ,0 ,0 ,0,0 ,0 ,0 ,0 ,0 ,0 ,0 ,0 ,0 ,0 ,2,3,3 ,5 ,3,1 ,0 ,0 ,0,1 ,1 ,0 ,3 ,1 ,2 ,0 ,1 ,2 ,1  ,0 ,0,2,1,0,0,0,0,0,0,1,1 ,0 ,0 ,0 ,0 ,0 ,2 ,0 ,1 ,0,0 ,0,0 ,0,0,0 ,0 ,0 ,2,6 ,2 ,1 ,4 ,0 ,0 ,1 ,0 ,0 ,0 ,0 ,2 ,5 ,5 ,3 ,6 ,3 ,5 ,1 ,1 ,2 ,3  ,6  ,1  ,5 ,3 ,0 ,3 ,0 ,4  ,6  ,4 ,4 ,1 ,6 ,4  ,5 ,7 ,9  ,4  ,9  ,8  ,6  ,2  ,1  ,3  ,0  ,3  ,3  ,0  ,0  ,1  ,0  ,4  ,5  ,3  ,0  ,1   ,0   ,2   ,2   ,1   ,2   ,0   ,1   ,1   ,2  ,0  ,0  ,0   ,5   ,1   ,0   ,0   ,0   ,0   ,0   ,0   ,2   ,2   ,0  ,0  ,2  ,0   ,0  ,0  ,2  ,2  ,0  ,0  ,1  ,2  ,1  ,1   ,1  ,4  ,1  ,1  ,2   ,1   ,1   ,0   ,2  ,1  ,2   ,1  ,3  ,0  ,1    ,0  ,1  ,1   ,1  ,2   ,3   ,1  ,2  ,2   ,1  ,0   ,0   ,8   ,6   ,2   ,1  ,6   ,3   ,3  ,4   ,4   ,2   ,8   ,6   ,2   ,3   ,2   ,7  ,5   ,2   ,16  ,13  ,13  ,5   ,5   ,51  ,23  ,33  ,149 ,3600,2557,1690,1692,1084,789 ,796 ,1076,1533,1363,749 ,1813,3819 ,8000 ,0
0   ,0,0,0  ,0  ,0  ,0 ,0 ,0 ,0 ,0 ,0,0,0 ,0,0 ,0 ,0 ,0 ,0 ,0 ,0 ,0 ,0 ,0 ,0 ,0 ,0 ,0 ,0 ,0 ,0 ,0 ,0,0 ,0 ,0 ,0 ,0 ,0 ,0 ,0 ,0 ,0 ,0,0,0 ,0 ,2,1 ,2 ,1 ,0,2 ,0 ,2 ,1 ,3 ,1 ,2 ,0 ,0 ,1  ,0 ,0,1,3,1,0,0,2,0,0,0,0 ,0 ,0 ,0 ,0 ,0 ,2 ,1 ,1 ,0,0 ,0,0 ,0,0,0 ,0 ,0 ,1,0 ,0 ,0 ,0 ,0 ,0 ,0 ,1 ,1 ,0 ,0 ,0 ,0 ,0 ,2 ,0 ,0 ,1 ,2 ,1 ,1 ,5  ,6  ,5  ,4 ,13,3 ,9 ,0 ,3  ,2  ,5 ,1 ,1 ,3 ,4  ,2 ,3 ,0  ,0  ,4  ,3  ,6  ,4  ,6  ,7  ,6  ,2  ,3  ,2  ,7  ,7  ,5  ,4  ,0  ,0  ,4  ,1   ,0   ,0   ,0   ,0   ,1   ,0   ,1   ,0   ,0  ,1  ,3  ,0   ,0   ,3   ,0   ,1   ,0   ,2   ,0   ,1   ,2   ,1   ,2  ,2  ,1  ,0   ,3  ,0  ,0  ,0  ,3  ,2  ,1  ,3  ,1  ,1   ,2  ,3  ,0  ,2  ,4   ,5   ,0   ,1   ,0  ,1  ,1   ,0  ,0  ,0  ,1    ,4  ,3  ,3   ,1  ,0   ,1   ,1  ,1  ,1   ,4  ,0   ,0   ,0   ,4   ,3   ,7  ,1   ,1   ,1  ,3   ,5   ,13  ,7   ,3   ,3   ,3   ,7   ,1  ,13  ,6   ,11  ,3   ,5   ,18  ,15  ,25  ,9   ,54  ,563 ,3832,2349,1469,1526,969 ,709 ,928 ,1190,1329,1478,798 ,949 ,3912 ,8747 ,0
0   ,0,0,0  ,0  ,0  ,0 ,0 ,0 ,0 ,0 ,0,0,0 ,0,0 ,0 ,0 ,0 ,0 ,0 ,0 ,0 ,0 ,0 ,0 ,0 ,0 ,0 ,0 ,0 ,0 ,0 ,0,0 ,0 ,0 ,0 ,0 ,0 ,0 ,0 ,0 ,0 ,0,0,0 ,0 ,2,0 ,0 ,4 ,2,2 ,1 ,1 ,0 ,1 ,0 ,2 ,2 ,2 ,0  ,1 ,1,0,1,0,0,2,2,0,1,0,0 ,0 ,0 ,0 ,0 ,0 ,0 ,0 ,1 ,2,0 ,2,0 ,2,1,4 ,3 ,1 ,2,2 ,1 ,6 ,2 ,6 ,4 ,4 ,5 ,4 ,5 ,12,4 ,3 ,8 ,13,7 ,5 ,11,11,7 ,1 ,1  ,1  ,1  ,0 ,0 ,7 ,3 ,0 ,2  ,3  ,2 ,1 ,1 ,1 ,7  ,1 ,0 ,0  ,4  ,0  ,1  ,2  ,1  ,1  ,1  ,0  ,1  ,0  ,0  ,2  ,0  ,0  ,0  ,0  ,0  ,0  ,1   ,1   ,0   ,1   ,0   ,1   ,0   ,0   ,0   ,0  ,0  ,0  ,0   ,1   ,0   ,1   ,4   ,4   ,0   ,1   ,0   ,1   ,0   ,1  ,3  ,1  ,2   ,2  ,1  ,0  ,0  ,3  ,1  ,1  ,0  ,2  ,2   ,2  ,4  ,2  ,1  ,0   ,1   ,7   ,3   ,9  ,2  ,5   ,1  ,2  ,6  ,1    ,1  ,2  ,1   ,9  ,1   ,1   ,3  ,7  ,0   ,0  ,3   ,8   ,1   ,0   ,4   ,5  ,8   ,3   ,3  ,6   ,1   ,0   ,1   ,0   ,0   ,5   ,3   ,0  ,0   ,2   ,3   ,1   ,2   ,3   ,4   ,5   ,17  ,43  ,63  ,3184,2781,1645,1845,998 ,618 ,710 ,1204,1600,1624,747 ,884 ,2521 ,10337,0
0   ,0,0,0  ,0  ,0  ,0 ,0 ,0 ,0 ,0 ,0,0,0 ,0,0 ,0 ,0 ,0 ,0 ,0 ,0 ,0 ,0 ,0 ,0 ,0 ,0 ,0 ,0 ,0 ,0 ,0 ,0,0 ,0 ,0 ,0 ,0 ,0 ,0 ,0 ,0 ,0 ,0,0,0 ,1 ,3,1 ,0 ,0 ,0,0 ,0 ,1 ,0 ,0 ,0 ,1 ,1 ,1 ,0  ,4 ,0,0,0,1,1,0,0,0,0,0,1 ,0 ,0 ,0 ,2 ,0 ,2 ,0 ,1 ,0,0 ,0,0 ,0,0,1 ,1 ,1 ,0,0 ,0 ,0 ,0 ,0 ,0 ,0 ,0 ,1 ,0 ,2 ,0 ,0 ,1 ,1 ,1 ,1 ,0 ,0 ,0 ,0 ,0  ,0  ,0  ,0 ,2 ,5 ,3 ,6 ,9  ,5  ,2 ,3 ,2 ,3 ,1  ,2 ,1 ,2  ,2  ,1  ,1  ,1  ,2  ,2  ,1  ,1  ,2  ,2  ,2  ,0  ,2  ,5  ,4  ,2  ,14 ,9  ,9   ,9   ,5   ,1   ,1   ,2   ,0   ,0   ,1   ,1  ,0  ,0  ,1   ,2   ,1   ,0   ,0   ,0   ,1   ,1   ,2   ,1   ,1   ,2  ,0  ,0  ,0   ,4  ,5  ,1  ,3  ,0  ,0  ,2  ,0  ,0  ,0   ,0  ,0  ,0  ,0  ,0   ,1   ,0   ,1   ,2  ,1  ,4   ,2  ,1  ,0  ,1    ,2  ,4  ,7   ,3  ,5   ,2   ,4  ,0  ,2   ,2  ,1   ,3   ,6   ,3   ,1   ,3  ,5   ,2   ,2  ,8   ,3   ,1   ,6   ,8   ,5   ,1   ,4   ,9  ,2   ,11  ,8   ,9   ,12  ,5   ,18  ,9   ,18  ,24  ,311 ,3673,2365,1537,1850,801 ,705 ,673 ,1221,1690,1100,711 ,723 ,3503 ,9248 ,0
0   ,0,0,0  ,0  ,0  ,0 ,0 ,0 ,0 ,0 ,0,0,0 ,0,0 ,0 ,0 ,0 ,0 ,0 ,0 ,0 ,0 ,0 ,0 ,0 ,0 ,0 ,0 ,0 ,0 ,0 ,0,0 ,0 ,0 ,0 ,0 ,0 ,0 ,0 ,0 ,0 ,0,0,0 ,0 ,0,0 ,2 ,2 ,0,1 ,1 ,2 ,0 ,2 ,1 ,2 ,0 ,0 ,1  ,1 ,0,1,1,0,0,1,1,0,1,0,1 ,1 ,0 ,0 ,0 ,0 ,0 ,0 ,0 ,0,0 ,1,0 ,0,0,0 ,0 ,0 ,0,1 ,0 ,0 ,0 ,1 ,0 ,0 ,0 ,1 ,0 ,0 ,0 ,0 ,0 ,0 ,1 ,0 ,0 ,0 ,1 ,0 ,0  ,0  ,0  ,0 ,2 ,3 ,2 ,2 ,4  ,5  ,3 ,0 ,0 ,2 ,1  ,0 ,1 ,5  ,9  ,2  ,2  ,0  ,2  ,0  ,1  ,0  ,1  ,6  ,8  ,2  ,1  ,1  ,1  ,4  ,3  ,12 ,6   ,7   ,12  ,4   ,3   ,0   ,3   ,0   ,0   ,0  ,0  ,0  ,0   ,0   ,0   ,1   ,1   ,0   ,0   ,4   ,0   ,1   ,2   ,0  ,0  ,1  ,1   ,2  ,0  ,0  ,0  ,2  ,1  ,1  ,2  ,0  ,1   ,0  ,0  ,0  ,0  ,1   ,0   ,1   ,1   ,1  ,1  ,0   ,1  ,4  ,5  ,4    ,8  ,1  ,2   ,5  ,0   ,2   ,1  ,0  ,0   ,0  ,5   ,2   ,1   ,1   ,1   ,3  ,1   ,3   ,3  ,0   ,3   ,2   ,3   ,10  ,4   ,8   ,10  ,3  ,5   ,5   ,12  ,7   ,4   ,15  ,8   ,11  ,25  ,53  ,75  ,2961,2865,1672,1734,1141,787 ,663 ,963 ,1337,1552,943 ,1726,4020 ,7714 ,0
0   ,0,0,0  ,0  ,0  ,0 ,0 ,0 ,0 ,0 ,0,0,0 ,0,0 ,0 ,0 ,0 ,0 ,0 ,0 ,0 ,0 ,0 ,0 ,0 ,0 ,0 ,0 ,0 ,0 ,0 ,0,0 ,0 ,0 ,0 ,0 ,0 ,0 ,0 ,0 ,0 ,1,0,2 ,9 ,1,1 ,3 ,3 ,0,1 ,0 ,2 ,0 ,2 ,1 ,0 ,3 ,4 ,2  ,0 ,0,2,8,4,3,5,0,4,6,5,0 ,3 ,1 ,5 ,1 ,12,13,13,11,6,0 ,3,0 ,7,4,0 ,0 ,0 ,2,0 ,0 ,2 ,3 ,1 ,1 ,5 ,1 ,2 ,1 ,1 ,2 ,2 ,0 ,0 ,1 ,1 ,0 ,1 ,0 ,0 ,0  ,1  ,0  ,2 ,0 ,1 ,0 ,1 ,0  ,1  ,2 ,3 ,0 ,1 ,0  ,0 ,0 ,0  ,0  ,0  ,3  ,5  ,2  ,1  ,1  ,3  ,0  ,3  ,0  ,0  ,0  ,1  ,0  ,0  ,0  ,1  ,1   ,1   ,0   ,0   ,0   ,0   ,0   ,0   ,0   ,0  ,2  ,0  ,0   ,0   ,0   ,0   ,0   ,1   ,1   ,1   ,1   ,2   ,1   ,1  ,4  ,1  ,2   ,1  ,4  ,2  ,4  ,1  ,0  ,0  ,3  ,6  ,1   ,5  ,2  ,0  ,2  ,0   ,4   ,3   ,1   ,2  ,0  ,3   ,2  ,1  ,5  ,2    ,1  ,5  ,3   ,2  ,1   ,5   ,0  ,0  ,5   ,10 ,7   ,8   ,0   ,0   ,0   ,0  ,0   ,0   ,2  ,0   ,0   ,1   ,4   ,6   ,0   ,0   ,0   ,1  ,1   ,1   ,1   ,0   ,1   ,2   ,3   ,4   ,13  ,20  ,21  ,3188,2788,1491,1656,1076,612 ,677 ,1273,1470,1572,925 ,795 ,3692 ,8930 ,0
0   ,0,0,27 ,2  ,0  ,0 ,0 ,0 ,0 ,0 ,0,0,0 ,0,0 ,0 ,0 ,0 ,0 ,0 ,0 ,0 ,0 ,0 ,0 ,0 ,0 ,0 ,1 ,0 ,0 ,8 ,4,1 ,2 ,5 ,27,5 ,4 ,49,27,4 ,7 ,3,5,3 ,1 ,7,7 ,13,13,0,22,8 ,27,22,25,8 ,17,7 ,1 ,0  ,2 ,2,0,1,3,2,1,1,0,0,1,0 ,0 ,0 ,0 ,0 ,0 ,0 ,1 ,1 ,1,1 ,0,0 ,2,0,0 ,0 ,1 ,0,0 ,0 ,0 ,1 ,0 ,0 ,0 ,2 ,1 ,2 ,1 ,3 ,0 ,1 ,0 ,0 ,0 ,0 ,0 ,0 ,2 ,9  ,9  ,9  ,11,5 ,4 ,4 ,5 ,3  ,2  ,0 ,1 ,2 ,1 ,4  ,0 ,1 ,1  ,1  ,2  ,0  ,2  ,2  ,1  ,1  ,1  ,0  ,1  ,3  ,1  ,0  ,0  ,0  ,4  ,0  ,0  ,0   ,1   ,0   ,0   ,3   ,0   ,0   ,0   ,0   ,1  ,1  ,3  ,2   ,2   ,1   ,0   ,1   ,5   ,3   ,2   ,2   ,1   ,2   ,1  ,1  ,0  ,1   ,2  ,1  ,1  ,2  ,0  ,1  ,0  ,0  ,0  ,0   ,1  ,1  ,0  ,0  ,0   ,0   ,0   ,3   ,1  ,1  ,0   ,1  ,0  ,0  ,3    ,1  ,4  ,5   ,7  ,6   ,111 ,186,73 ,34  ,23 ,20  ,15  ,8   ,6   ,9   ,6  ,4   ,3   ,1  ,1   ,3   ,6   ,6   ,2   ,1   ,3   ,4   ,6  ,8   ,15  ,3   ,0   ,19  ,5   ,1   ,1   ,5   ,0   ,10  ,171 ,1871,2163,704 ,366 ,394 ,514 ,1848,416 ,273 ,898 ,850 ,463  ,1457 ,0
0   ,0,0,23 ,0  ,0  ,0 ,0 ,0 ,0 ,0 ,0,1,0 ,0,0 ,0 ,0 ,0 ,0 ,0 ,1 ,0 ,0 ,0 ,0 ,0 ,0 ,0 ,0 ,0 ,0 ,0 ,0,0 ,0 ,0 ,0 ,0 ,0 ,0 ,0 ,0 ,0 ,1,1,0 ,4 ,0,5 ,1 ,1 ,4,1 ,11,10,2 ,0 ,0 ,5 ,1 ,1 ,2  ,2 ,2,1,0,5,1,2,2,5,3,9,1 ,2 ,4 ,6 ,18,17,7 ,5 ,2 ,1,10,1,0 ,0,6,3 ,1 ,0 ,2,1 ,0 ,1 ,2 ,8 ,2 ,1 ,2 ,1 ,0 ,0 ,0 ,2 ,2 ,0 ,1 ,1 ,1 ,0 ,0 ,0 ,4  ,3  ,0  ,0 ,2 ,0 ,1 ,0 ,1  ,0  ,0 ,1 ,1 ,0 ,0  ,1 ,0 ,0  ,0  ,0  ,0  ,0  ,0  ,0  ,3  ,8  ,6  ,8  ,4  ,1  ,2  ,4  ,4  ,1  ,4  ,2  ,1   ,1   ,3   ,0   ,2   ,1   ,0   ,4   ,3   ,4  ,2  ,2  ,3   ,0   ,0   ,1   ,0   ,2   ,2   ,0   ,1   ,1   ,1   ,4  ,3  ,2  ,5   ,22 ,252,66 ,28 ,10 ,10 ,13 ,4  ,9  ,0   ,1  ,4  ,0  ,0  ,1   ,0   ,0   ,2   ,2  ,0  ,0   ,0  ,1  ,2  ,3    ,0  ,1  ,0   ,3  ,0   ,1   ,2  ,0  ,0   ,0  ,0   ,0   ,1   ,1   ,0   ,0  ,0   ,1   ,0  ,1   ,0   ,0   ,1   ,1   ,4   ,1   ,3   ,2  ,4   ,1   ,1   ,0   ,1   ,2   ,0   ,3   ,5   ,37  ,354 ,1299,1107,1567,712 ,530 ,560 ,1879,340 ,346 ,414 ,534 ,1041,1317 ,1090 ,0
0   ,0,0,27 ,0  ,0  ,0 ,0 ,0 ,1 ,0 ,0,0,0 ,0,0 ,0 ,0 ,0 ,0 ,0 ,0 ,0 ,0 ,0 ,0 ,0 ,0 ,0 ,0 ,0 ,0 ,0 ,0,0 ,0 ,0 ,0 ,0 ,0 ,0 ,0 ,1 ,0 ,0,0,0 ,0 ,0,0 ,1 ,0 ,1,0 ,2 ,2 ,0 ,0 ,0 ,0 ,0 ,0 ,1  ,2 ,2,0,0,0,0,1,0,0,0,0,1 ,2 ,2 ,1 ,3 ,4 ,1 ,4 ,1 ,0,0 ,0,6 ,4,8,5 ,3 ,7 ,9,2 ,1 ,4 ,1 ,0 ,0 ,0 ,0 ,1 ,3 ,2 ,4 ,2 ,0 ,0 ,3 ,2 ,0 ,2 ,1 ,1 ,0  ,0  ,0  ,6 ,2 ,0 ,1 ,1 ,8  ,1  ,0 ,3 ,1 ,0 ,1  ,4 ,3 ,1  ,3  ,2  ,6  ,3  ,2  ,2  ,3  ,4  ,0  ,0  ,1  ,0  ,0  ,0  ,0  ,0  ,0  ,0  ,0   ,1   ,4   ,3   ,6   ,7   ,3   ,3   ,5   ,4  ,4  ,1  ,1   ,0   ,2   ,0   ,1   ,0   ,1   ,1   ,3   ,1   ,0   ,0  ,15 ,17 ,7   ,7  ,3  ,7  ,3  ,9  ,36 ,4  ,1  ,3  ,6   ,5  ,5  ,2  ,4  ,3   ,6   ,6   ,3   ,20 ,110,138 ,53 ,24 ,18 ,1    ,4  ,1  ,3   ,2  ,1   ,3   ,0  ,3  ,2   ,1  ,1   ,4   ,4   ,5   ,5   ,2  ,5   ,2   ,5  ,2   ,4   ,3   ,6   ,5   ,4   ,7   ,3   ,6  ,5   ,10  ,4   ,5   ,8   ,7   ,12  ,10  ,15  ,140 ,521 ,1033,810 ,1251,821 ,586 ,638 ,2031,318 ,358 ,379 ,572 ,794 ,1666 ,1106 ,0
0   ,0,0,21 ,3  ,0  ,0 ,0 ,0 ,0 ,0 ,0,0,0 ,0,0 ,0 ,0 ,0 ,0 ,0 ,0 ,0 ,0 ,0 ,0 ,0 ,0 ,0 ,1 ,0 ,0 ,0 ,0,0 ,0 ,0 ,0 ,0 ,0 ,0 ,0 ,1 ,33,0,3,2 ,0 ,0,0 ,0 ,0 ,0,0 ,0 ,0 ,0 ,0 ,0 ,1 ,0 ,0 ,1  ,0 ,0,0,1,0,0,0,1,0,0,3,2 ,0 ,4 ,7 ,13,17,3 ,0 ,0 ,1,3 ,3,1 ,0,0,1 ,0 ,1 ,2,0 ,0 ,0 ,0 ,0 ,0 ,0 ,0 ,0 ,2 ,3 ,7 ,2 ,1 ,1 ,7 ,2 ,0 ,0 ,5 ,0 ,2  ,5  ,7  ,3 ,5 ,3 ,4 ,2 ,1  ,3  ,2 ,2 ,1 ,1 ,2  ,1 ,0 ,0  ,1  ,1  ,0  ,1  ,1  ,0  ,0  ,0  ,0  ,0  ,1  ,0  ,0  ,0  ,0  ,2  ,0  ,2  ,1   ,1   ,0   ,0   ,0   ,2   ,0   ,0   ,0   ,1  ,0  ,1  ,0   ,1   ,3   ,1   ,0   ,0   ,0   ,1   ,3   ,1   ,0   ,1  ,0  ,1  ,9   ,3  ,14 ,13 ,4  ,5  ,9  ,1  ,6  ,4  ,3   ,1  ,1  ,2  ,3  ,3   ,3   ,4   ,1   ,1  ,5  ,1   ,6  ,130,150,86   ,47 ,6  ,1   ,1  ,4   ,8   ,1  ,9  ,1   ,2  ,1   ,1   ,4   ,0   ,2   ,1  ,4   ,2   ,1  ,1   ,1   ,1   ,4   ,1   ,4   ,2   ,1   ,3  ,4   ,4   ,6   ,7   ,2   ,2   ,3   ,4   ,3   ,48  ,507 ,871 ,851 ,1409,859 ,650 ,636 ,2046,305 ,358 ,467 ,486 ,1062,834  ,1637 ,0
0   ,0,0,75 ,1  ,0  ,0 ,0 ,0 ,0 ,0 ,0,0,0 ,0,0 ,0 ,0 ,1 ,0 ,0 ,0 ,0 ,0 ,0 ,0 ,0 ,0 ,0 ,0 ,0 ,1 ,0 ,0,0 ,0 ,0 ,0 ,0 ,0 ,0 ,0 ,0 ,3 ,1,0,0 ,0 ,0,5 ,2 ,0 ,4,0 ,4 ,0 ,2 ,4 ,0 ,2 ,6 ,7 ,1  ,1 ,2,3,0,2,1,0,5,1,1,1,2 ,0 ,0 ,5 ,2 ,0 ,2 ,0 ,0 ,1,0 ,2,3 ,4,1,1 ,1 ,4 ,0,0 ,0 ,0 ,0 ,0 ,0 ,2 ,0 ,0 ,1 ,0 ,2 ,1 ,1 ,2 ,1 ,1 ,1 ,1 ,0 ,1 ,2  ,0  ,4  ,1 ,0 ,5 ,18,12,18 ,8  ,12,4 ,0 ,2 ,1  ,1 ,1 ,0  ,2  ,2  ,5  ,5  ,4  ,11 ,0  ,10 ,10 ,8  ,8  ,4  ,5  ,5  ,12 ,6  ,2  ,3  ,1   ,3   ,1   ,0   ,0   ,0   ,3   ,0   ,1   ,1  ,1  ,3  ,2   ,0   ,2   ,4   ,0   ,0   ,0   ,0   ,0   ,0   ,2   ,6  ,9  ,4  ,10  ,10 ,19 ,8  ,3  ,4  ,2  ,2  ,7  ,2  ,4   ,3  ,5  ,0  ,6  ,3   ,5   ,21  ,17  ,231,128,57  ,54 ,35 ,13 ,7    ,12 ,15 ,5   ,4  ,2   ,5   ,10 ,8  ,5   ,1  ,5   ,3   ,2   ,6   ,9   ,0  ,5   ,6   ,8  ,7   ,9   ,10  ,10  ,12  ,12  ,13  ,12  ,3  ,1   ,2   ,1   ,0   ,0   ,4   ,1   ,1   ,59  ,445 ,944 ,809 ,927 ,1331,658 ,614 ,573 ,1971,374 ,305 ,429 ,440 ,1181,1227 ,1024 ,0
0   ,0,0,63 ,3  ,0  ,0 ,0 ,0 ,0 ,1 ,2,0,0 ,0,0 ,0 ,0 ,0 ,0 ,0 ,0 ,0 ,0 ,0 ,0 ,0 ,0 ,0 ,0 ,0 ,0 ,0 ,0,0 ,0 ,1 ,5 ,0 ,0 ,0 ,0 ,0 ,0 ,1,0,3 ,0 ,0,1 ,1 ,5 ,6,2 ,4 ,1 ,1 ,0 ,0 ,1 ,1 ,3 ,6  ,1 ,1,1,1,0,3,0,1,0,0,0,0 ,1 ,0 ,1 ,0 ,0 ,0 ,0 ,0 ,0,0 ,0,0 ,0,0,1 ,0 ,0 ,0,3 ,0 ,0 ,3 ,5 ,2 ,0 ,5 ,7 ,15,25,17,6 ,1 ,0 ,0 ,3 ,0 ,0 ,0 ,0 ,0  ,0  ,0  ,4 ,0 ,0 ,0 ,2 ,2  ,1  ,0 ,2 ,2 ,0 ,2  ,0 ,0 ,0  ,0  ,0  ,0  ,0  ,0  ,6  ,1  ,5  ,5  ,8  ,0  ,7  ,2  ,6  ,2  ,3  ,5  ,6  ,5   ,3   ,4   ,3   ,3   ,1   ,1   ,0   ,4   ,0  ,2  ,1  ,0   ,3   ,0   ,3   ,3   ,2   ,5   ,3   ,6   ,4   ,8   ,14 ,10 ,17 ,9   ,7  ,10 ,2  ,0  ,4  ,5  ,2  ,2  ,1  ,4   ,3  ,1  ,2  ,2  ,2   ,1   ,2   ,0   ,0  ,4  ,2   ,3  ,3  ,1  ,2    ,4  ,8  ,55  ,2  ,1   ,7   ,196,141,70  ,56 ,65  ,30  ,8   ,8   ,11  ,9  ,11  ,5   ,7  ,5   ,15  ,17  ,30  ,13  ,7   ,3   ,2   ,3  ,0   ,0   ,0   ,3   ,1   ,6   ,1   ,27  ,199 ,657 ,749 ,697 ,1152,1162,619 ,612 ,738 ,1854,398 ,337 ,314 ,474 ,1251,1095 ,1070 ,0
0   ,0,0,63 ,2  ,0  ,0 ,0 ,0 ,0 ,1 ,0,0,0 ,0,0 ,1 ,0 ,0 ,0 ,0 ,1 ,0 ,0 ,0 ,0 ,1 ,1 ,0 ,1 ,0 ,0 ,1 ,0,0 ,0 ,0 ,0 ,0 ,0 ,0 ,2 ,0 ,0 ,0,0,0 ,0 ,0,1 ,1 ,0 ,0,5 ,0 ,0 ,0 ,0 ,0 ,0 ,1 ,0 ,0  ,0 ,4,0,0,0,0,1,1,0,0,0,1 ,0 ,0 ,2 ,3 ,0 ,0 ,0 ,2 ,1,0 ,0,0 ,0,0,0 ,0 ,0 ,1,0 ,0 ,0 ,1 ,4 ,1 ,4 ,1 ,1 ,0 ,1 ,1 ,1 ,0 ,0 ,0 ,0 ,0 ,0 ,0 ,1 ,3  ,0  ,0  ,0 ,0 ,2 ,0 ,0 ,0  ,0  ,0 ,0 ,3 ,1 ,7  ,1 ,2 ,2  ,0  ,0  ,0  ,0  ,2  ,0  ,0  ,0  ,1  ,3  ,6  ,16 ,26 ,20 ,6  ,4  ,2  ,0  ,0   ,0   ,6   ,0   ,1   ,0   ,0   ,4   ,1   ,0  ,1  ,3  ,3   ,0   ,0   ,2   ,2   ,3   ,1   ,1   ,1   ,1   ,0   ,0  ,0  ,0  ,0   ,3  ,0  ,2  ,1  ,0  ,2  ,0  ,1  ,0  ,1   ,0  ,3  ,3  ,4  ,0   ,0   ,6   ,1   ,7  ,3  ,12  ,17 ,20 ,113,198  ,110,45 ,60  ,48 ,28  ,23  ,3  ,6  ,9   ,13 ,8   ,7   ,2   ,4   ,9   ,14 ,7   ,17  ,13 ,15  ,18  ,18  ,24  ,22  ,13  ,20  ,8   ,6  ,4   ,6   ,5   ,4   ,0   ,3   ,4   ,33  ,129 ,630 ,693 ,785 ,1011,1138,599 ,754 ,671 ,1930,322 ,320 ,341 ,479 ,1196,1150 ,786  ,0
0   ,0,0,64 ,0  ,0  ,0 ,0 ,1 ,0 ,0 ,0,0,0 ,0,0 ,0 ,0 ,0 ,0 ,0 ,0 ,0 ,0 ,0 ,0 ,0 ,0 ,0 ,0 ,0 ,0 ,0 ,0,0 ,0 ,2 ,0 ,0 ,0 ,0 ,4 ,1 ,1 ,0,3,0 ,0 ,0,0 ,0 ,0 ,1,1 ,0 ,0 ,0 ,0 ,0 ,0 ,0 ,0 ,2  ,1 ,3,1,1,1,0,3,1,3,0,1,0 ,0 ,0 ,0 ,0 ,0 ,1 ,0 ,1 ,5,6 ,2,0 ,0,0,0 ,0 ,1 ,0,0 ,0 ,0 ,0 ,0 ,1 ,0 ,1 ,0 ,0 ,0 ,1 ,0 ,0 ,2 ,0 ,0 ,0 ,0 ,1 ,0 ,0  ,0  ,0  ,1 ,0 ,0 ,0 ,0 ,0  ,1  ,0 ,0 ,0 ,0 ,0  ,0 ,0 ,0  ,0  ,2  ,0  ,0  ,0  ,0  ,0  ,0  ,1  ,0  ,0  ,0  ,0  ,11 ,16 ,10 ,13 ,17 ,6   ,6   ,1   ,1   ,0   ,0   ,0   ,1   ,0   ,0  ,3  ,0  ,4   ,4   ,2   ,0   ,0   ,0   ,0   ,0   ,0   ,0   ,0   ,1  ,2  ,1  ,1   ,58 ,17 ,11 ,12 ,19 ,23 ,8  ,15 ,24 ,45  ,80 ,67 ,90 ,44 ,44  ,46  ,48  ,28  ,23 ,53 ,52  ,22 ,20 ,18 ,24   ,18 ,6  ,6   ,5  ,4   ,4   ,4  ,1  ,5   ,5  ,3   ,3   ,5   ,6   ,4   ,6  ,6   ,1   ,4  ,2   ,1   ,1   ,3   ,2   ,1   ,2   ,1   ,0  ,6   ,1   ,1   ,3   ,1   ,0   ,1   ,14  ,41  ,398 ,553 ,1094,827 ,1416,691 ,635 ,632 ,1959,320 ,363 ,466 ,441 ,1150,1236 ,811  ,0
0   ,0,0,60 ,1  ,0  ,0 ,1 ,0 ,0 ,0 ,0,0,1 ,0,1 ,0 ,0 ,0 ,0 ,0 ,0 ,0 ,0 ,0 ,0 ,0 ,0 ,0 ,0 ,0 ,1 ,1 ,0,0 ,0 ,0 ,0 ,0 ,0 ,0 ,0 ,2 ,0 ,0,6,0 ,0 ,0,0 ,0 ,0 ,0,0 ,0 ,0 ,0 ,0 ,0 ,0 ,0 ,0 ,1  ,0 ,1,1,0,0,2,2,2,0,0,0,0 ,0 ,0 ,0 ,3 ,3 ,2 ,0 ,0 ,0,2 ,0,0 ,6,3,0 ,2 ,0 ,1,0 ,0 ,1 ,0 ,0 ,0 ,1 ,0 ,1 ,0 ,0 ,0 ,1 ,2 ,1 ,3 ,0 ,1 ,0 ,0 ,1 ,0  ,5  ,2  ,2 ,1 ,0 ,2 ,1 ,0  ,0  ,0 ,4 ,0 ,0 ,1  ,0 ,0 ,1  ,6  ,11 ,10 ,9  ,11 ,11 ,8  ,6  ,4  ,2  ,3  ,2  ,2  ,0  ,0  ,0  ,0  ,0  ,2   ,1   ,0   ,0   ,2   ,2   ,2   ,0   ,0   ,2  ,0  ,1  ,0   ,0   ,0   ,1   ,1   ,0   ,1   ,1   ,2   ,3   ,6   ,9  ,13 ,20 ,9   ,8  ,15 ,6  ,17 ,7  ,5  ,13 ,13 ,13 ,61  ,7  ,41 ,43 ,78 ,88  ,63  ,55  ,46  ,30 ,31 ,36  ,28 ,15 ,5  ,5    ,11 ,11 ,1   ,2  ,7   ,6   ,7  ,9  ,10  ,6  ,7   ,8   ,2   ,4   ,2   ,1  ,1   ,5   ,1  ,3   ,1   ,2   ,6   ,2   ,2   ,0   ,0   ,1  ,0   ,0   ,2   ,3   ,2   ,2   ,12  ,510 ,718 ,822 ,833 ,1328,731 ,665 ,602 ,1982,313 ,441 ,387 ,911 ,881 ,1075,1967,11929,0    ,0
0   ,0,0,63 ,5  ,1  ,0 ,0 ,0 ,0 ,1 ,0,0,0 ,0,0 ,0 ,0 ,0 ,0 ,0 ,0 ,0 ,0 ,0 ,0 ,0 ,0 ,0 ,0 ,0 ,0 ,0 ,0,2 ,0 ,1 ,1 ,0 ,0 ,0 ,0 ,0 ,1 ,5,6,0 ,0 ,0,0 ,0 ,0 ,0,0 ,0 ,0 ,0 ,0 ,1 ,0 ,0 ,1 ,0  ,0 ,0,1,0,3,1,6,2,0,0,1,0 ,0 ,1 ,1 ,2 ,1 ,0 ,6 ,1 ,6,3 ,0,5 ,3,2,1 ,0 ,0 ,3,0 ,0 ,0 ,2 ,3 ,2 ,1 ,2 ,0 ,0 ,3 ,1 ,0 ,2 ,6 ,0 ,0 ,0 ,0 ,0 ,0 ,3  ,0  ,0  ,0 ,2 ,0 ,0 ,2 ,1  ,1  ,2 ,3 ,1 ,1 ,0  ,0 ,0 ,1  ,0  ,7  ,1  ,1  ,0  ,6  ,14 ,22 ,17 ,12 ,5  ,2  ,4  ,0  ,0  ,0  ,0  ,2  ,2   ,0   ,0   ,0   ,2   ,0   ,2   ,0   ,0   ,3  ,1  ,3  ,0   ,2   ,2   ,3   ,2   ,4   ,0   ,1   ,2   ,3   ,0   ,1  ,0  ,3  ,0   ,9  ,4  ,10 ,2  ,8  ,8  ,8  ,6  ,13 ,16  ,27 ,62 ,64 ,68 ,92  ,58  ,64  ,53  ,21 ,11 ,33  ,18 ,42 ,31 ,16   ,16 ,10 ,23  ,14 ,6   ,6   ,2  ,3  ,3   ,1  ,0   ,2   ,2   ,0   ,2   ,3  ,2   ,2   ,0  ,3   ,1   ,5   ,3   ,2   ,0   ,2   ,4   ,1  ,2   ,1   ,1   ,1   ,1   ,1   ,1   ,0   ,11  ,308 ,639 ,989 ,783 ,1426,704 ,687 ,615 ,2022,365 ,320 ,365 ,471 ,1030,1173 ,821  ,0
0   ,0,0,57 ,2  ,1  ,1 ,0 ,0 ,2 ,0 ,0,0,0 ,0,0 ,1 ,0 ,0 ,0 ,0 ,0 ,0 ,0 ,1 ,0 ,0 ,0 ,0 ,0 ,0 ,0 ,1 ,0,0 ,0 ,0 ,0 ,0 ,0 ,0 ,0 ,1 ,0 ,0,1,0 ,1 ,4,0 ,0 ,0 ,1,8 ,5 ,1 ,0 ,3 ,0 ,1 ,0 ,1 ,1  ,1 ,1,0,1,1,2,0,1,4,1,1,3 ,1 ,3 ,0 ,2 ,0 ,3 ,3 ,1 ,0,1 ,3,1 ,3,0,14,20,30,3,6 ,17,1 ,0 ,4 ,4 ,4 ,1 ,0 ,1 ,1 ,0 ,0 ,3 ,0 ,0 ,0 ,0 ,0 ,0 ,0 ,0  ,0  ,0  ,0 ,0 ,0 ,0 ,0 ,0  ,0  ,0 ,0 ,0 ,0 ,0  ,1 ,0 ,0  ,0  ,1  ,1  ,1  ,0  ,0  ,0  ,0  ,1  ,0  ,2  ,0  ,0  ,3  ,7  ,2  ,3  ,2  ,5   ,2   ,11  ,13  ,9   ,10  ,5   ,6   ,4   ,4  ,0  ,2  ,3   ,2   ,0   ,0   ,0   ,0   ,0   ,1   ,3   ,4   ,1   ,2  ,3  ,2  ,7   ,8  ,10 ,9  ,6  ,5  ,57 ,12 ,7  ,6  ,75  ,194,106,33 ,52 ,37  ,33  ,9   ,6   ,10 ,5  ,1   ,3  ,3  ,5  ,11   ,2  ,1  ,4   ,2  ,7   ,5   ,3  ,10 ,7   ,2  ,6   ,3   ,15  ,9   ,0   ,1  ,3   ,1   ,0  ,1   ,5   ,0   ,0   ,2   ,1   ,1   ,0   ,1  ,2   ,0   ,0   ,0   ,0   ,2   ,4   ,1   ,7   ,634 ,728 ,814 ,1079,1134,645 ,588 ,584 ,1988,378 ,342 ,357 ,639 ,1122,1122 ,983  ,0
0   ,0,0,48 ,3  ,1  ,1 ,0 ,0 ,0 ,0 ,2,0,0 ,0,1 ,0 ,0 ,0 ,0 ,1 ,0 ,0 ,0 ,0 ,0 ,0 ,0 ,0 ,0 ,0 ,0 ,0 ,0,0 ,0 ,0 ,0 ,0 ,0 ,0 ,0 ,0 ,0 ,4,0,0 ,0 ,0,0 ,0 ,3 ,0,0 ,0 ,0 ,0 ,0 ,0 ,0 ,0 ,0 ,0  ,0 ,0,0,0,0,0,0,0,0,0,0,0 ,0 ,0 ,0 ,3 ,0 ,0 ,0 ,0 ,0,0 ,0,0 ,0,1,0 ,0 ,0 ,1,1 ,0 ,0 ,0 ,1 ,0 ,0 ,2 ,0 ,0 ,0 ,1 ,0 ,0 ,0 ,0 ,1 ,0 ,1 ,0 ,0 ,2  ,2  ,1  ,0 ,0 ,0 ,0 ,0 ,0  ,0  ,2 ,0 ,0 ,0 ,0  ,0 ,2 ,0  ,0  ,0  ,0  ,0  ,0  ,0  ,0  ,0  ,0  ,0  ,0  ,0  ,0  ,0  ,0  ,0  ,0  ,0  ,0   ,0   ,0   ,0   ,0   ,0   ,0   ,0   ,0   ,0  ,0  ,2  ,0   ,0   ,0   ,0   ,0   ,0   ,0   ,0   ,0   ,0   ,0   ,0  ,1  ,0  ,1   ,0  ,0  ,0  ,0  ,0  ,0  ,0  ,1  ,0  ,2   ,0  ,1  ,0  ,1  ,0   ,3   ,1   ,5   ,5  ,5  ,7   ,7  ,19 ,22 ,12   ,72 ,13 ,12  ,14 ,46  ,209 ,115,43 ,43  ,42 ,26  ,0   ,15  ,8   ,8   ,8  ,4   ,5   ,8  ,7   ,12  ,7   ,6   ,12  ,17  ,20  ,14  ,4  ,18  ,12  ,7   ,2   ,6   ,8   ,13  ,25  ,65  ,777 ,349 ,1017,960 ,1290,597 ,677 ,605 ,1954,376 ,381 ,324 ,409 ,1157,1191 ,848  ,0
0   ,0,0,51 ,1  ,1  ,0 ,1 ,0 ,0 ,0 ,0,0,0 ,0,0 ,1 ,0 ,1 ,0 ,0 ,1 ,1 ,0 ,0 ,0 ,0 ,0 ,0 ,0 ,0 ,0 ,0 ,0,0 ,0 ,0 ,0 ,0 ,0 ,0 ,0 ,0 ,0 ,0,0,0 ,0 ,4,0 ,0 ,0 ,1,0 ,0 ,0 ,0 ,0 ,0 ,0 ,0 ,0 ,0  ,0 ,0,0,0,2,0,0,1,0,1,0,0 ,0 ,0 ,3 ,0 ,0 ,0 ,0 ,0 ,0,1 ,2,2 ,0,0,2 ,0 ,1 ,1,0 ,2 ,1 ,1 ,0 ,0 ,0 ,0 ,0 ,0 ,0 ,1 ,0 ,1 ,2 ,0 ,0 ,0 ,1 ,0 ,0 ,0  ,0  ,0  ,0 ,0 ,0 ,0 ,0 ,0  ,0  ,0 ,0 ,1 ,1 ,0  ,1 ,0 ,0  ,0  ,0  ,0  ,0  ,0  ,0  ,0  ,1  ,2  ,12 ,11 ,14 ,8  ,12 ,7  ,3  ,0  ,0  ,1   ,0   ,2   ,0   ,0   ,0   ,0   ,1   ,0   ,0  ,0  ,1  ,1   ,3   ,0   ,2   ,0   ,0   ,0   ,3   ,0   ,1   ,3   ,4  ,7  ,7  ,16  ,11 ,57 ,7  ,7  ,2  ,9  ,4  ,6  ,29 ,33  ,64 ,74 ,50 ,53 ,70  ,25  ,18  ,13  ,27 ,47 ,43  ,16 ,7  ,8  ,6    ,15 ,9  ,10  ,4  ,0   ,0   ,2  ,2  ,6   ,16 ,10  ,13  ,13  ,4   ,2   ,5  ,3   ,1   ,3  ,0   ,7   ,1   ,2   ,4   ,2   ,2   ,4   ,2  ,0   ,3   ,0   ,3   ,3   ,1   ,3   ,11  ,219 ,635 ,855 ,633 ,1208,921 ,586 ,675 ,674 ,1969,342 ,287 ,419 ,523 ,1131,1050 ,1018 ,0
0   ,0,0,51 ,2  ,0  ,0 ,0 ,0 ,2 ,1 ,0,0,0 ,0,0 ,0 ,0 ,0 ,0 ,0 ,0 ,0 ,0 ,0 ,0 ,0 ,0 ,0 ,0 ,0 ,0 ,1 ,1,0 ,0 ,0 ,0 ,0 ,1 ,0 ,0 ,2 ,0 ,1,0,0 ,0 ,1,0 ,1 ,1 ,0,2 ,2 ,0 ,0 ,1 ,0 ,0 ,0 ,0 ,0  ,0 ,0,0,0,0,0,0,0,1,0,0,2 ,1 ,0 ,0 ,0 ,1 ,0 ,0 ,1 ,0,0 ,0,1 ,0,0,0 ,2 ,0 ,0,0 ,0 ,0 ,0 ,0 ,0 ,1 ,0 ,0 ,1 ,2 ,1 ,0 ,0 ,0 ,0 ,2 ,0 ,0 ,1 ,0 ,0  ,0  ,0  ,0 ,0 ,0 ,0 ,0 ,0  ,2  ,1 ,0 ,2 ,0 ,0  ,0 ,2 ,1  ,11 ,15 ,15 ,6  ,7  ,8  ,1  ,5  ,0  ,2  ,0  ,0  ,0  ,0  ,1  ,0  ,0  ,0  ,0   ,0   ,1   ,0   ,1   ,0   ,0   ,0   ,0   ,0  ,2  ,1  ,1   ,47  ,6   ,5   ,6   ,5   ,1   ,7   ,0   ,1   ,3   ,7  ,33 ,24 ,41  ,35 ,51 ,46 ,49 ,33 ,26 ,37 ,34 ,44 ,33  ,28 ,25 ,24 ,20 ,33  ,38  ,10  ,1   ,5  ,1  ,7   ,6  ,7  ,10 ,9    ,4  ,4  ,6   ,4  ,7   ,3   ,3  ,3  ,1   ,1  ,7   ,2   ,5   ,9   ,2   ,7  ,3   ,2   ,1  ,0   ,1   ,0   ,0   ,2   ,1   ,0   ,1   ,1  ,2   ,4   ,4   ,2   ,2   ,1   ,0   ,21  ,163 ,616 ,465 ,1031,1032,1154,627 ,667 ,601 ,1977,342 ,286 ,400 ,509 ,1138,1196 ,864  ,0
0   ,0,0,0  ,0  ,0  ,0 ,0 ,0 ,0 ,0 ,0,0,0 ,0,0 ,0 ,0 ,0 ,0 ,0 ,0 ,0 ,0 ,0 ,0 ,0 ,0 ,0 ,0 ,0 ,0 ,0 ,0,0 ,0 ,0 ,0 ,0 ,0 ,0 ,0 ,0 ,0 ,0,0,0 ,0 ,0,0 ,0 ,0 ,0,0 ,0 ,0 ,0 ,0 ,0 ,0 ,0 ,0 ,0  ,0 ,0,0,0,0,0,0,0,0,0,0,0 ,0 ,0 ,0 ,0 ,0 ,0 ,0 ,0 ,0,0 ,0,0 ,0,0,0 ,0 ,0 ,0,0 ,0 ,0 ,0 ,0 ,0 ,0 ,0 ,0 ,0 ,0 ,0 ,0 ,0 ,0 ,0 ,0 ,0 ,0 ,0 ,0 ,0  ,0  ,0  ,0 ,0 ,0 ,0 ,0 ,0  ,0  ,0 ,0 ,0 ,0 ,0  ,0 ,0 ,0  ,0  ,0  ,0  ,0  ,0  ,0  ,0  ,0  ,0  ,0  ,0  ,0  ,0  ,0  ,0  ,1  ,0  ,0  ,0   ,0   ,0   ,0   ,0   ,0   ,0   ,0   ,0   ,0  ,0  ,0  ,0   ,0   ,0   ,0   ,0   ,0   ,0   ,0   ,0   ,0   ,0   ,0  ,0  ,0  ,19  ,12 ,10 ,1  ,2  ,2  ,8  ,11 ,3  ,7  ,25  ,107,58 ,50 ,66 ,68  ,41  ,33  ,32  ,27 ,19 ,15  ,22 ,17 ,10 ,10   ,11 ,12 ,8   ,7  ,9   ,10  ,10 ,8  ,9   ,5  ,7   ,8   ,4   ,2   ,5   ,1  ,3   ,1   ,3  ,8   ,3   ,8   ,5   ,9   ,7   ,13  ,10  ,13 ,20  ,26  ,15  ,12  ,14  ,15  ,13  ,14  ,5   ,9   ,13  ,16  ,30  ,33  ,20  ,63  ,639 ,1461,515 ,916 ,1149,948 ,652 ,437  ,511  ,0
0   ,0,0,0  ,0  ,0  ,0 ,0 ,0 ,0 ,0 ,0,0,0 ,0,0 ,0 ,0 ,0 ,0 ,0 ,0 ,0 ,0 ,0 ,0 ,0 ,0 ,0 ,0 ,0 ,0 ,0 ,0,0 ,0 ,0 ,0 ,0 ,0 ,0 ,0 ,0 ,0 ,0,0,0 ,0 ,0,0 ,0 ,0 ,0,0 ,0 ,0 ,0 ,0 ,0 ,0 ,0 ,0 ,0  ,0 ,0,0,0,0,0,0,0,0,0,0,0 ,0 ,0 ,0 ,0 ,0 ,0 ,0 ,0 ,0,0 ,0,0 ,0,0,0 ,0 ,0 ,0,0 ,0 ,0 ,0 ,0 ,0 ,0 ,0 ,0 ,0 ,0 ,0 ,0 ,0 ,0 ,0 ,0 ,0 ,0 ,0 ,0 ,0  ,0  ,0  ,0 ,0 ,0 ,0 ,0 ,0  ,0  ,0 ,0 ,0 ,0 ,0  ,0 ,0 ,0  ,0  ,0  ,0  ,0  ,0  ,0  ,0  ,0  ,0  ,0  ,0  ,0  ,0  ,0  ,0  ,0  ,0  ,0  ,0   ,0   ,0   ,0   ,0   ,0   ,0   ,0   ,0   ,0  ,0  ,0  ,0   ,0   ,0   ,0   ,0   ,0   ,0   ,0   ,0   ,0   ,0   ,0  ,0  ,0  ,15  ,13 ,7  ,2  ,6  ,2  ,1  ,9  ,5  ,13 ,8   ,19 ,95 ,67 ,46 ,47  ,57  ,52  ,43  ,24 ,21 ,17  ,11 ,17 ,14 ,16   ,20 ,8  ,9   ,8  ,8   ,9   ,13 ,15 ,10  ,16 ,21  ,15  ,18  ,12  ,11  ,12 ,24  ,9   ,6  ,11  ,24  ,12  ,8   ,13  ,28  ,24  ,15  ,18 ,16  ,16  ,20  ,27  ,32  ,32  ,21  ,25  ,28  ,18  ,33  ,78  ,37  ,47  ,49  ,397 ,1512,525 ,505 ,870 ,1200,770 ,607 ,391  ,731  ,0
0   ,0,0,0  ,0  ,0  ,0 ,0 ,0 ,0 ,0 ,0,0,0 ,0,0 ,0 ,0 ,0 ,0 ,0 ,0 ,0 ,0 ,0 ,0 ,0 ,0 ,0 ,0 ,0 ,0 ,0 ,0,0 ,0 ,0 ,0 ,0 ,0 ,0 ,0 ,0 ,0 ,0,0,0 ,0 ,0,0 ,0 ,0 ,0,0 ,0 ,0 ,0 ,0 ,0 ,0 ,0 ,0 ,0  ,0 ,0,0,0,0,0,0,0,0,0,0,0 ,0 ,0 ,0 ,0 ,0 ,0 ,0 ,0 ,0,0 ,0,0 ,0,0,0 ,0 ,0 ,0,0 ,0 ,0 ,0 ,0 ,0 ,0 ,0 ,0 ,0 ,0 ,0 ,0 ,0 ,0 ,0 ,0 ,0 ,0 ,0 ,0 ,0  ,0  ,0  ,0 ,0 ,0 ,0 ,0 ,0  ,0  ,0 ,0 ,0 ,0 ,0  ,0 ,0 ,0  ,0  ,0  ,0  ,0  ,0  ,0  ,0  ,0  ,0  ,0  ,0  ,0  ,0  ,0  ,0  ,0  ,0  ,0  ,0   ,0   ,0   ,0   ,0   ,0   ,0   ,0   ,0   ,0  ,0  ,0  ,0   ,0   ,0   ,0   ,0   ,0   ,0   ,0   ,0   ,0   ,0   ,0  ,0  ,0  ,31  ,10 ,10 ,2  ,2  ,0  ,0  ,6  ,3  ,7  ,10  ,7  ,8  ,22 ,125,62  ,47  ,50  ,37  ,58 ,35 ,21  ,16 ,14 ,39 ,19   ,9  ,13 ,13  ,14 ,10  ,8   ,7  ,11 ,5   ,5  ,10  ,7   ,8   ,7   ,8   ,5  ,5   ,9   ,11 ,8   ,9   ,8   ,6   ,7   ,1   ,5   ,2   ,7  ,20  ,34  ,35  ,22  ,14  ,17  ,23  ,8   ,5   ,6   ,29  ,55  ,51  ,116 ,124 ,91  ,767 ,1246,469 ,625 ,908 ,1108,1097,517  ,615  ,0
0   ,0,0,0  ,0  ,0  ,0 ,0 ,0 ,0 ,0 ,0,0,0 ,0,0 ,0 ,0 ,0 ,0 ,0 ,0 ,0 ,0 ,0 ,0 ,0 ,0 ,0 ,0 ,0 ,0 ,0 ,0,0 ,0 ,0 ,0 ,0 ,0 ,0 ,0 ,0 ,0 ,0,0,0 ,0 ,0,0 ,0 ,0 ,0,0 ,0 ,0 ,0 ,0 ,0 ,0 ,0 ,0 ,0  ,0 ,0,0,0,0,0,0,0,0,0,0,0 ,0 ,0 ,0 ,0 ,0 ,0 ,0 ,0 ,0,0 ,0,0 ,0,0,0 ,0 ,0 ,0,0 ,0 ,0 ,0 ,0 ,0 ,0 ,0 ,0 ,0 ,0 ,0 ,0 ,0 ,0 ,0 ,0 ,0 ,0 ,0 ,0 ,0  ,0  ,0  ,0 ,0 ,0 ,0 ,0 ,0  ,0  ,0 ,0 ,0 ,0 ,0  ,0 ,0 ,0  ,0  ,0  ,0  ,0  ,0  ,0  ,0  ,0  ,0  ,0  ,0  ,0  ,0  ,0  ,0  ,0  ,0  ,0  ,0   ,0   ,0   ,0   ,0   ,0   ,0   ,0   ,0   ,0  ,0  ,0  ,0   ,0   ,0   ,0   ,0   ,0   ,0   ,0   ,0   ,0   ,0   ,0  ,0  ,0  ,0   ,34 ,7  ,1  ,2  ,2  ,6  ,12 ,4  ,9  ,23  ,109,89 ,44 ,60 ,58  ,48  ,36  ,42  ,36 ,21 ,18  ,19 ,16 ,16 ,9    ,11 ,8  ,12  ,10 ,12  ,5   ,5  ,7  ,5   ,9  ,10  ,8   ,4   ,1   ,4   ,5  ,3   ,3   ,1  ,3   ,3   ,2   ,4   ,6   ,3   ,8   ,12  ,12 ,17  ,30  ,11  ,10  ,16  ,18  ,17  ,8   ,10  ,8   ,15  ,9   ,8   ,55  ,142 ,113 ,138 ,1929,519 ,734 ,1328,918 ,679 ,595  ,619  ,0
0   ,0,0,0  ,0  ,0  ,0 ,0 ,0 ,0 ,0 ,0,0,0 ,0,0 ,0 ,0 ,0 ,1 ,0 ,0 ,0 ,0 ,0 ,3 ,0 ,0 ,0 ,2 ,0 ,0 ,0 ,0,0 ,0 ,0 ,0 ,0 ,0 ,0 ,0 ,0 ,0 ,0,0,0 ,0 ,0,0 ,0 ,0 ,0,0 ,0 ,0 ,0 ,0 ,0 ,0 ,0 ,0 ,0  ,0 ,0,0,0,0,0,0,0,0,0,0,0 ,0 ,0 ,0 ,0 ,0 ,0 ,0 ,0 ,0,0 ,0,0 ,0,0,1 ,0 ,0 ,0,1 ,0 ,0 ,0 ,0 ,0 ,0 ,0 ,0 ,0 ,1 ,0 ,0 ,0 ,0 ,0 ,0 ,0 ,0 ,0 ,0 ,0  ,0  ,0  ,0 ,0 ,0 ,0 ,0 ,0  ,0  ,0 ,0 ,0 ,0 ,0  ,1 ,2 ,2  ,0  ,0  ,2  ,1  ,0  ,0  ,0  ,0  ,1  ,1  ,0  ,1  ,0  ,1  ,4  ,2  ,1  ,0  ,0   ,0   ,0   ,0   ,0   ,2   ,3   ,0   ,2   ,3  ,5  ,10 ,7   ,6   ,3   ,5   ,4   ,5   ,4   ,14  ,6   ,4   ,4   ,26 ,19 ,85 ,99  ,44 ,81 ,44 ,38 ,47 ,47 ,26 ,22 ,18 ,11  ,12 ,16 ,15 ,16 ,16  ,23  ,16  ,26  ,20 ,18 ,14  ,18 ,21 ,17 ,17   ,12 ,10 ,12  ,14 ,12  ,23  ,17 ,23 ,19  ,21 ,11  ,8   ,7   ,8   ,12  ,9  ,13  ,29  ,10 ,22  ,13  ,18  ,17  ,24  ,23  ,31  ,32  ,36 ,27  ,30  ,25  ,31  ,30  ,31  ,25  ,22  ,23  ,36  ,47  ,42  ,36  ,38  ,61  ,202 ,1460,754 ,494 ,1264,671 ,502 ,339 ,494  ,627  ,0
0   ,0,0,0  ,0  ,0  ,0 ,0 ,0 ,0 ,0 ,0,0,0 ,0,0 ,0 ,0 ,0 ,0 ,0 ,0 ,0 ,0 ,0 ,0 ,0 ,0 ,0 ,0 ,0 ,0 ,0 ,0,0 ,0 ,0 ,0 ,0 ,0 ,0 ,0 ,0 ,0 ,0,0,0 ,0 ,0,0 ,0 ,0 ,0,0 ,0 ,0 ,0 ,0 ,0 ,0 ,0 ,0 ,0  ,0 ,0,0,0,0,0,0,0,0,0,0,0 ,0 ,0 ,0 ,0 ,0 ,0 ,0 ,0 ,0,0 ,0,0 ,0,0,0 ,0 ,0 ,0,0 ,0 ,0 ,0 ,0 ,0 ,0 ,0 ,0 ,0 ,0 ,0 ,0 ,0 ,0 ,0 ,0 ,0 ,0 ,0 ,0 ,0  ,0  ,0  ,0 ,0 ,0 ,0 ,0 ,0  ,1  ,0 ,1 ,0 ,1 ,1  ,1 ,2 ,1  ,0  ,1  ,0  ,7  ,0  ,1  ,1  ,3  ,1  ,1  ,7  ,5  ,3  ,0  ,1  ,3  ,1  ,4  ,1   ,0   ,0   ,0   ,0   ,0   ,0   ,0   ,0   ,0  ,0  ,1  ,0   ,0   ,0   ,1   ,0   ,1   ,0   ,0   ,0   ,2   ,1   ,1  ,2  ,0  ,4   ,15 ,15 ,7  ,4  ,8  ,3  ,6  ,4  ,10 ,8   ,3  ,3  ,5  ,19 ,29  ,67  ,59  ,44  ,36 ,34 ,60  ,59 ,37 ,20 ,19   ,17 ,14 ,16  ,13 ,10  ,13  ,13 ,13 ,12  ,9  ,8   ,14  ,10  ,13  ,13  ,8  ,5   ,5   ,17 ,7   ,4   ,16  ,4   ,5   ,5   ,5   ,8   ,5  ,9   ,13  ,15  ,24  ,28  ,24  ,28  ,24  ,28  ,30  ,39  ,51  ,57  ,41  ,54  ,271 ,1469,524 ,643 ,1064,1242,462 ,637 ,389  ,734  ,0
0   ,0,0,0  ,0  ,0  ,0 ,0 ,0 ,0 ,0 ,0,0,0 ,0,0 ,0 ,0 ,0 ,0 ,0 ,0 ,0 ,0 ,0 ,0 ,0 ,0 ,0 ,0 ,0 ,0 ,0 ,0,0 ,0 ,0 ,0 ,0 ,0 ,0 ,0 ,0 ,0 ,0,0,0 ,0 ,0,0 ,0 ,0 ,0,0 ,0 ,0 ,0 ,0 ,0 ,0 ,0 ,0 ,0  ,0 ,0,0,0,0,0,0,0,0,0,0,0 ,0 ,0 ,0 ,0 ,0 ,0 ,0 ,0 ,0,0 ,0,0 ,0,0,0 ,0 ,0 ,0,0 ,0 ,0 ,0 ,0 ,0 ,0 ,0 ,0 ,0 ,0 ,0 ,0 ,0 ,0 ,0 ,0 ,0 ,0 ,0 ,0 ,0  ,0  ,0  ,0 ,0 ,0 ,0 ,0 ,0  ,0  ,0 ,0 ,0 ,0 ,0  ,0 ,0 ,0  ,0  ,0  ,0  ,0  ,0  ,0  ,0  ,0  ,0  ,0  ,0  ,0  ,0  ,0  ,0  ,0  ,0  ,0  ,0   ,0   ,0   ,0   ,0   ,0   ,0   ,0   ,0   ,0  ,0  ,0  ,0   ,0   ,0   ,0   ,0   ,0   ,0   ,0   ,3   ,0   ,0   ,0  ,0  ,0  ,41  ,7  ,2  ,15 ,32 ,148,97 ,114,74 ,34 ,26  ,29 ,26 ,20 ,19 ,17  ,9   ,8   ,12  ,10 ,12 ,9   ,4  ,5  ,6  ,7    ,8  ,6  ,6   ,7  ,10  ,5   ,7  ,7  ,8   ,13 ,20  ,10  ,12  ,20  ,16  ,17 ,11  ,7   ,2  ,4   ,15  ,5   ,6   ,1   ,5   ,2   ,4   ,9  ,21  ,4   ,4   ,9   ,6   ,24  ,37  ,24  ,17  ,11  ,25  ,5   ,25  ,49  ,61  ,1777,655 ,519 ,921 ,1205,586 ,474 ,305 ,360  ,539  ,0
0   ,0,0,0  ,0  ,0  ,0 ,0 ,0 ,0 ,0 ,0,0,0 ,0,0 ,0 ,0 ,0 ,0 ,0 ,0 ,0 ,0 ,0 ,0 ,0 ,0 ,0 ,0 ,0 ,0 ,0 ,0,0 ,0 ,0 ,0 ,0 ,0 ,0 ,0 ,0 ,0 ,0,0,0 ,0 ,0,0 ,0 ,0 ,0,0 ,0 ,0 ,0 ,0 ,0 ,0 ,0 ,0 ,0  ,0 ,0,0,0,0,0,0,0,0,0,0,0 ,0 ,0 ,0 ,0 ,0 ,0 ,0 ,0 ,0,0 ,0,0 ,0,0,0 ,0 ,0 ,0,0 ,0 ,0 ,0 ,0 ,0 ,0 ,0 ,0 ,0 ,0 ,0 ,0 ,0 ,0 ,0 ,0 ,0 ,0 ,0 ,0 ,0  ,0  ,0  ,0 ,0 ,0 ,0 ,0 ,0  ,0  ,0 ,0 ,0 ,0 ,0  ,0 ,0 ,0  ,0  ,0  ,0  ,0  ,0  ,0  ,0  ,0  ,0  ,0  ,0  ,0  ,0  ,0  ,0  ,0  ,0  ,0  ,0   ,0   ,0   ,0   ,0   ,0   ,0   ,0   ,0   ,0  ,0  ,0  ,0   ,0   ,0   ,0   ,0   ,0   ,0   ,0   ,0   ,0   ,0   ,0  ,0  ,0  ,0   ,52 ,52 ,165,130,98 ,53 ,24 ,26 ,26 ,19  ,14 ,14 ,13 ,12 ,11  ,8   ,10  ,9   ,9  ,6  ,12  ,9  ,5  ,4  ,7    ,5  ,8  ,7   ,6  ,6   ,9   ,11 ,12 ,22  ,26 ,30  ,14  ,14  ,3   ,8   ,18 ,15  ,9   ,12 ,5   ,14  ,17  ,13  ,20  ,6   ,6   ,4   ,3  ,7   ,8   ,6   ,8   ,6   ,3   ,11  ,6   ,13  ,15  ,11  ,19  ,16  ,53  ,53  ,454 ,1581,385 ,551 ,995 ,1054,733 ,452 ,368  ,559  ,0
0   ,0,0,0  ,0  ,0  ,0 ,0 ,0 ,0 ,0 ,0,0,0 ,0,0 ,0 ,0 ,0 ,0 ,0 ,0 ,0 ,0 ,0 ,0 ,0 ,0 ,0 ,0 ,0 ,0 ,0 ,0,0 ,0 ,0 ,0 ,0 ,0 ,0 ,0 ,0 ,0 ,0,0,0 ,0 ,0,0 ,0 ,0 ,0,0 ,0 ,0 ,0 ,0 ,0 ,0 ,0 ,0 ,0  ,0 ,0,0,0,0,0,0,0,0,0,0,0 ,0 ,0 ,0 ,0 ,0 ,0 ,0 ,0 ,0,0 ,0,0 ,0,0,0 ,0 ,0 ,0,0 ,0 ,0 ,0 ,0 ,0 ,0 ,0 ,0 ,0 ,0 ,0 ,0 ,2 ,0 ,0 ,0 ,0 ,0 ,1 ,0 ,0  ,0  ,0  ,0 ,0 ,0 ,0 ,1 ,0  ,0  ,1 ,0 ,0 ,0 ,0  ,1 ,0 ,0  ,0  ,0  ,0  ,0  ,0  ,0  ,0  ,26 ,12 ,7  ,7  ,19 ,30 ,104,106,62 ,78 ,60 ,33  ,22  ,19  ,18  ,21  ,17  ,13  ,13  ,10  ,14 ,11 ,11 ,8   ,10  ,7   ,12  ,6   ,8   ,7   ,6   ,6   ,7   ,6   ,9  ,7  ,4  ,9   ,11 ,25 ,12 ,26 ,14 ,9  ,23 ,32 ,22 ,35  ,20 ,33 ,31 ,39 ,44  ,51  ,1085,1049,488,944,1456,782,795,908,19694,0  ,0  ,0   ,0  ,0   ,0   ,0  ,0  ,0   ,0  ,0   ,0   ,0   ,0   ,0   ,0  ,0   ,0   ,0  ,0   ,0   ,0   ,0   ,0   ,0   ,0   ,0   ,0  ,0   ,0   ,0   ,0   ,0   ,0   ,0   ,0   ,0   ,0   ,0   ,0   ,0   ,0   ,0   ,0   ,0   ,0   ,0   ,0   ,0   ,0   ,0   ,0    ,0    ,0
0   ,0,0,0  ,0  ,0  ,0 ,0 ,0 ,0 ,0 ,0,0,0 ,0,0 ,0 ,0 ,0 ,0 ,0 ,0 ,0 ,0 ,0 ,0 ,0 ,0 ,0 ,0 ,0 ,0 ,0 ,0,0 ,0 ,0 ,0 ,0 ,0 ,0 ,0 ,0 ,0 ,0,0,0 ,0 ,0,0 ,0 ,0 ,0,0 ,0 ,0 ,0 ,0 ,0 ,0 ,0 ,0 ,0  ,0 ,0,0,0,0,0,0,0,0,0,0,0 ,0 ,0 ,0 ,0 ,0 ,0 ,0 ,0 ,0,0 ,0,0 ,0,0,0 ,0 ,0 ,0,0 ,0 ,0 ,0 ,0 ,0 ,0 ,0 ,0 ,0 ,0 ,0 ,0 ,0 ,0 ,0 ,0 ,0 ,0 ,0 ,0 ,0  ,0  ,0  ,0 ,0 ,0 ,0 ,0 ,0  ,0  ,0 ,0 ,0 ,0 ,0  ,0 ,0 ,0  ,0  ,0  ,0  ,0  ,0  ,0  ,0  ,0  ,0  ,0  ,0  ,0  ,0  ,0  ,0  ,0  ,0  ,0  ,0   ,0   ,0   ,0   ,0   ,0   ,0   ,0   ,0   ,0  ,0  ,0  ,0   ,0   ,0   ,0   ,0   ,0   ,0   ,0   ,0   ,0   ,0   ,0  ,0  ,0  ,0   ,32 ,9  ,2  ,14 ,14 ,20 ,163,92 ,76 ,41  ,47 ,46 ,28 ,27 ,17  ,15  ,10  ,9   ,10 ,11 ,10  ,9  ,13 ,8  ,9    ,6  ,10 ,7   ,6  ,3   ,4   ,3  ,5  ,2   ,2  ,7   ,5   ,3   ,6   ,10  ,4  ,3   ,5   ,2  ,5   ,3   ,6   ,0   ,6   ,9   ,18  ,37  ,32 ,40  ,34  ,14  ,30  ,16  ,15  ,21  ,8   ,9   ,28  ,26  ,16  ,9   ,17  ,74  ,86  ,1381,720 ,371 ,631 ,1033,1099,833 ,595  ,687  ,0
0   ,0,0,0  ,0  ,0  ,0 ,0 ,0 ,0 ,0 ,0,0,0 ,0,0 ,0 ,0 ,0 ,0 ,0 ,0 ,0 ,0 ,0 ,0 ,0 ,0 ,0 ,0 ,0 ,0 ,0 ,0,0 ,0 ,0 ,0 ,0 ,0 ,0 ,0 ,0 ,0 ,0,0,0 ,0 ,0,0 ,0 ,0 ,0,0 ,0 ,0 ,0 ,0 ,0 ,0 ,0 ,0 ,0  ,0 ,0,0,0,0,0,0,0,0,0,0,0 ,0 ,0 ,0 ,0 ,0 ,0 ,0 ,0 ,0,0 ,0,0 ,0,0,0 ,0 ,0 ,0,0 ,0 ,0 ,0 ,0 ,0 ,0 ,0 ,0 ,0 ,0 ,0 ,0 ,0 ,0 ,0 ,0 ,0 ,1 ,0 ,0 ,0  ,0  ,0  ,0 ,0 ,0 ,0 ,0 ,0  ,0  ,0 ,0 ,0 ,0 ,0  ,0 ,0 ,1  ,2  ,0  ,1  ,0  ,0  ,2  ,1  ,0  ,0  ,0  ,1  ,0  ,0  ,0  ,0  ,0  ,0  ,2  ,2   ,0   ,0   ,0   ,2   ,0   ,0   ,0   ,2   ,0  ,0  ,1  ,0   ,2   ,1   ,2   ,1   ,1   ,0   ,1   ,1   ,0   ,0   ,0  ,0  ,0  ,1   ,83 ,235,173,76 ,38 ,38 ,27 ,16 ,13 ,16  ,17 ,10 ,19 ,15 ,9   ,4   ,8   ,5   ,7  ,7  ,8   ,9  ,8  ,10 ,8    ,18 ,13 ,14  ,22 ,21  ,12  ,6  ,7  ,15  ,8  ,10  ,27  ,13  ,11  ,2   ,4  ,4   ,5   ,4  ,8   ,4   ,10  ,0   ,1   ,6   ,11  ,13  ,14 ,7   ,11  ,15  ,19  ,6   ,8   ,23  ,10  ,1   ,2   ,17  ,25  ,24  ,86  ,68  ,400 ,1540,449 ,647 ,1097,1163,661 ,511 ,508  ,20140,0
0   ,0,0,0  ,0  ,0  ,0 ,0 ,0 ,0 ,0 ,0,0,0 ,0,0 ,0 ,0 ,0 ,0 ,0 ,0 ,0 ,0 ,0 ,0 ,0 ,0 ,0 ,0 ,0 ,0 ,0 ,0,0 ,0 ,0 ,0 ,0 ,0 ,0 ,0 ,0 ,0 ,0,0,0 ,0 ,0,0 ,0 ,0 ,0,0 ,0 ,0 ,0 ,0 ,0 ,0 ,0 ,0 ,0  ,0 ,0,0,0,0,0,0,0,0,0,0,0 ,0 ,0 ,0 ,0 ,0 ,0 ,0 ,0 ,0,0 ,0,0 ,0,0,0 ,0 ,0 ,0,0 ,0 ,0 ,0 ,0 ,0 ,0 ,0 ,0 ,0 ,0 ,0 ,0 ,0 ,0 ,0 ,0 ,0 ,0 ,0 ,0 ,0  ,0  ,0  ,0 ,0 ,0 ,0 ,0 ,0  ,0  ,0 ,0 ,0 ,0 ,0  ,0 ,0 ,0  ,0  ,0  ,0  ,0  ,0  ,0  ,0  ,0  ,0  ,0  ,0  ,0  ,0  ,0  ,0  ,0  ,0  ,0  ,0   ,0   ,0   ,0   ,0   ,0   ,0   ,0   ,0   ,0  ,0  ,0  ,0   ,0   ,0   ,0   ,0   ,0   ,0   ,0   ,0   ,0   ,0   ,0  ,0  ,0  ,44  ,10 ,13 ,8  ,174,190,88 ,56 ,47 ,35 ,22  ,14 ,8  ,7  ,10 ,7   ,9   ,12  ,3   ,4  ,7  ,6   ,3  ,5  ,3  ,4    ,7  ,14 ,8   ,5  ,3   ,20  ,23 ,22 ,21  ,9  ,4   ,12  ,7   ,4   ,14  ,3  ,3   ,5   ,2  ,3   ,1   ,2   ,1   ,2   ,3   ,3   ,2   ,1  ,2   ,2   ,1   ,1   ,5   ,1   ,3   ,5   ,3   ,9   ,18  ,39  ,26  ,16  ,127 ,48  ,692 ,1287,464 ,750 ,847 ,1065,1023,639  ,588  ,0
0   ,0,0,0  ,0  ,0  ,0 ,0 ,0 ,0 ,0 ,0,0,0 ,0,0 ,0 ,0 ,0 ,0 ,0 ,2 ,0 ,1 ,1 ,0 ,0 ,0 ,0 ,0 ,0 ,0 ,0 ,0,0 ,0 ,0 ,0 ,0 ,0 ,0 ,0 ,0 ,0 ,0,0,0 ,0 ,0,0 ,0 ,0 ,0,0 ,0 ,0 ,0 ,0 ,0 ,0 ,0 ,0 ,0  ,0 ,0,0,0,0,0,0,0,0,0,0,0 ,0 ,0 ,0 ,0 ,0 ,0 ,0 ,0 ,0,0 ,0,0 ,0,0,0 ,0 ,0 ,0,0 ,0 ,0 ,0 ,0 ,0 ,0 ,0 ,0 ,0 ,0 ,0 ,0 ,0 ,0 ,0 ,0 ,0 ,0 ,0 ,0 ,0  ,0  ,0  ,0 ,0 ,0 ,0 ,0 ,0  ,0  ,0 ,0 ,0 ,0 ,0  ,0 ,0 ,0  ,0  ,0  ,0  ,0  ,0  ,0  ,0  ,1  ,5  ,0  ,1  ,1  ,0  ,0  ,0  ,0  ,0  ,1  ,2   ,0   ,0   ,0   ,0   ,0   ,0   ,0   ,0   ,0  ,0  ,0  ,0   ,1   ,0   ,0   ,0   ,0   ,0   ,0   ,0   ,1   ,0   ,0  ,0  ,0  ,0   ,17 ,21 ,4  ,5  ,3  ,1  ,3  ,10 ,3  ,2   ,10 ,105,95 ,64 ,59  ,70  ,35  ,42  ,22 ,23 ,28  ,21 ,20 ,13 ,19   ,14 ,10 ,17  ,8  ,7   ,5   ,7  ,9  ,5   ,3  ,6   ,7   ,6   ,6   ,7   ,9  ,5   ,8   ,11 ,11  ,8   ,12  ,7   ,3   ,3   ,4   ,5   ,10 ,21  ,23  ,20  ,17  ,16  ,18  ,18  ,6   ,12  ,19  ,41  ,51  ,20  ,47  ,39  ,61  ,77  ,1663,775 ,936 ,1556,710 ,545 ,489  ,695  ,0
0   ,0,0,0  ,0  ,0  ,0 ,0 ,0 ,0 ,0 ,0,0,0 ,0,0 ,0 ,0 ,0 ,0 ,0 ,0 ,0 ,0 ,0 ,0 ,0 ,0 ,0 ,0 ,0 ,0 ,0 ,0,0 ,0 ,0 ,0 ,0 ,0 ,0 ,0 ,0 ,0 ,0,0,0 ,0 ,0,0 ,0 ,0 ,0,0 ,0 ,0 ,0 ,0 ,0 ,0 ,0 ,0 ,0  ,0 ,0,0,0,0,0,0,0,0,0,0,0 ,0 ,0 ,0 ,0 ,0 ,0 ,0 ,0 ,0,0 ,0,0 ,0,0,0 ,0 ,0 ,0,0 ,0 ,0 ,0 ,0 ,0 ,0 ,0 ,0 ,0 ,0 ,0 ,0 ,0 ,0 ,0 ,0 ,0 ,0 ,0 ,0 ,0  ,0  ,0  ,0 ,0 ,0 ,0 ,0 ,0  ,0  ,0 ,0 ,0 ,0 ,0  ,0 ,0 ,0  ,0  ,0  ,0  ,0  ,0  ,0  ,0  ,0  ,0  ,0  ,0  ,0  ,2  ,0  ,0  ,0  ,0  ,0  ,0   ,0   ,0   ,0   ,0   ,0   ,0   ,0   ,0   ,0  ,0  ,0  ,0   ,0   ,0   ,0   ,0   ,0   ,0   ,1   ,0   ,0   ,0   ,0  ,0  ,0  ,0   ,1  ,38 ,6  ,2  ,1  ,3  ,0  ,3  ,7  ,5   ,2  ,5  ,8  ,116,68  ,57  ,71  ,51  ,47 ,34 ,22  ,29 ,17 ,15 ,25   ,19 ,11 ,14  ,14 ,16  ,8   ,6  ,8  ,9   ,9  ,5   ,6   ,6   ,4   ,2   ,4  ,4   ,1   ,2  ,3   ,4   ,3   ,4   ,4   ,4   ,5   ,6   ,10 ,9   ,15  ,12  ,20  ,22  ,27  ,35  ,52  ,47  ,31  ,17  ,22  ,66  ,31  ,77  ,296 ,1633,442 ,516 ,856 ,1058,830 ,641 ,440  ,656  ,0
0   ,0,0,0  ,0  ,0  ,0 ,0 ,0 ,0 ,0 ,0,0,0 ,0,0 ,0 ,0 ,0 ,0 ,0 ,0 ,0 ,0 ,0 ,0 ,0 ,0 ,0 ,0 ,0 ,0 ,0 ,0,0 ,0 ,0 ,0 ,0 ,0 ,0 ,0 ,0 ,0 ,0,0,0 ,0 ,0,0 ,0 ,0 ,0,0 ,0 ,0 ,0 ,0 ,0 ,0 ,0 ,0 ,0  ,0 ,0,0,0,0,0,0,0,0,0,0,0 ,0 ,0 ,0 ,0 ,0 ,0 ,1 ,0 ,0,0 ,0,0 ,0,0,0 ,0 ,0 ,0,0 ,0 ,0 ,0 ,0 ,0 ,0 ,0 ,0 ,0 ,0 ,0 ,0 ,0 ,0 ,0 ,0 ,0 ,0 ,0 ,0 ,0  ,0  ,0  ,0 ,0 ,0 ,0 ,0 ,0  ,0  ,0 ,0 ,0 ,0 ,0  ,0 ,0 ,0  ,0  ,0  ,0  ,0  ,0  ,0  ,0  ,0  ,0  ,0  ,0  ,0  ,0  ,0  ,0  ,0  ,0  ,0  ,0   ,1   ,0   ,0   ,1   ,1   ,0   ,1   ,2   ,2  ,1  ,2  ,5   ,0   ,2   ,0   ,0   ,0   ,4   ,1   ,1   ,0   ,0   ,0  ,1  ,0  ,3   ,37 ,12 ,10 ,6  ,68 ,216,103,60 ,51 ,36  ,29 ,23 ,18 ,16 ,10  ,15  ,10  ,8   ,8  ,7  ,5   ,8  ,6  ,7  ,6    ,9  ,9  ,6   ,5  ,2   ,5   ,6  ,4  ,6   ,4  ,6   ,5   ,7   ,7   ,8   ,9  ,7   ,8   ,19 ,9   ,15  ,16  ,19  ,20  ,19  ,20  ,27  ,10 ,20  ,11  ,5   ,10  ,16  ,15  ,15  ,29  ,17  ,17  ,16  ,11  ,13  ,7   ,63  ,79  ,1778,534 ,344 ,727 ,1033,1116,705 ,351  ,738  ,0
0   ,0,0,0  ,0  ,0  ,0 ,0 ,0 ,0 ,0 ,0,0,0 ,0,0 ,0 ,0 ,0 ,0 ,0 ,0 ,0 ,0 ,0 ,0 ,0 ,0 ,0 ,0 ,0 ,0 ,0 ,0,0 ,0 ,0 ,0 ,0 ,0 ,0 ,0 ,0 ,0 ,0,0,0 ,0 ,0,0 ,0 ,0 ,0,0 ,0 ,0 ,0 ,0 ,0 ,0 ,0 ,0 ,0  ,0 ,0,0,0,0,0,0,0,0,0,0,0 ,0 ,0 ,0 ,0 ,0 ,0 ,0 ,0 ,0,0 ,0,0 ,0,0,0 ,0 ,0 ,0,0 ,0 ,0 ,0 ,0 ,0 ,0 ,0 ,0 ,0 ,0 ,0 ,0 ,0 ,0 ,0 ,0 ,0 ,0 ,0 ,0 ,0  ,0  ,0  ,0 ,0 ,0 ,0 ,0 ,0  ,0  ,0 ,0 ,0 ,0 ,0  ,0 ,0 ,0  ,0  ,0  ,0  ,0  ,0  ,0  ,0  ,0  ,0  ,0  ,0  ,0  ,3  ,0  ,0  ,0  ,1  ,0  ,0   ,0   ,0   ,0   ,0   ,0   ,0   ,0   ,0   ,0  ,0  ,0  ,0   ,0   ,0   ,0   ,0   ,0   ,0   ,0   ,1   ,0   ,0   ,0  ,0  ,0  ,35  ,24 ,24 ,24 ,109,161,84 ,52 ,43 ,32 ,29  ,15 ,16 ,18 ,15 ,17  ,8   ,10  ,7   ,18 ,7  ,8   ,3  ,3  ,3  ,2    ,3  ,3  ,4   ,1  ,2   ,4   ,5  ,3  ,5   ,9  ,6   ,4   ,6   ,9   ,11  ,10 ,14  ,14  ,14 ,21  ,28  ,14  ,8   ,19  ,14  ,13  ,23  ,9  ,5   ,5   ,9   ,6   ,5   ,2   ,3   ,2   ,2   ,2   ,13  ,15  ,25  ,63  ,107 ,113 ,232 ,1474,641 ,650 ,1054,1242,792 ,536  ,764  ,0
0   ,0,0,0  ,0  ,0  ,0 ,0 ,0 ,0 ,0 ,0,0,0 ,0,0 ,0 ,0 ,0 ,0 ,0 ,0 ,0 ,0 ,0 ,0 ,0 ,0 ,0 ,0 ,0 ,0 ,0 ,0,0 ,0 ,0 ,0 ,0 ,0 ,0 ,0 ,0 ,0 ,0,0,0 ,0 ,0,0 ,0 ,0 ,0,0 ,0 ,0 ,0 ,0 ,0 ,0 ,0 ,0 ,0  ,0 ,0,0,0,0,0,0,0,0,0,0,0 ,0 ,0 ,0 ,0 ,0 ,0 ,0 ,0 ,0,0 ,0,0 ,0,0,0 ,0 ,0 ,0,0 ,0 ,0 ,0 ,0 ,0 ,0 ,0 ,0 ,0 ,0 ,0 ,0 ,0 ,0 ,0 ,0 ,0 ,0 ,0 ,0 ,0  ,0  ,0  ,0 ,0 ,0 ,0 ,0 ,0  ,0  ,0 ,0 ,0 ,0 ,0  ,0 ,0 ,0  ,0  ,0  ,0  ,0  ,2  ,0  ,2  ,0  ,0  ,0  ,0  ,0  ,0  ,0  ,0  ,1  ,0  ,0  ,0   ,2   ,0   ,0   ,0   ,0   ,0   ,0   ,0   ,0  ,1  ,0  ,0   ,0   ,0   ,0   ,0   ,0   ,0   ,0   ,0   ,0   ,0   ,6  ,2  ,2  ,44  ,102,256,103,47 ,35 ,41 ,22 ,18 ,19 ,14  ,11 ,13 ,7  ,15 ,13  ,9   ,14  ,5   ,9  ,2  ,8   ,4  ,9  ,0  ,3    ,7  ,6  ,8   ,3  ,3   ,2   ,5  ,7  ,8   ,6  ,9   ,8   ,21  ,6   ,9   ,18 ,9   ,7   ,9  ,5   ,9   ,7   ,21  ,18  ,23  ,11  ,10  ,6  ,11  ,24  ,5   ,18  ,5   ,5   ,5   ,10  ,17  ,8   ,13  ,6   ,34  ,51  ,35  ,417 ,1485,534 ,438 ,848 ,1226,900 ,604 ,476  ,1170 ,0
0   ,0,0,0  ,0  ,0  ,0 ,0 ,0 ,0 ,0 ,0,0,0 ,0,0 ,0 ,0 ,0 ,0 ,0 ,0 ,0 ,0 ,0 ,0 ,0 ,0 ,0 ,0 ,0 ,0 ,0 ,0,0 ,0 ,0 ,0 ,0 ,0 ,0 ,0 ,0 ,0 ,0,0,0 ,0 ,0,0 ,0 ,0 ,0,0 ,0 ,0 ,0 ,0 ,0 ,0 ,0 ,0 ,0  ,0 ,0,0,0,0,0,0,0,0,0,0,0 ,0 ,0 ,0 ,0 ,0 ,0 ,0 ,0 ,0,0 ,0,0 ,0,0,0 ,0 ,0 ,0,0 ,0 ,0 ,0 ,0 ,0 ,0 ,0 ,0 ,0 ,0 ,0 ,0 ,0 ,0 ,0 ,0 ,0 ,0 ,0 ,0 ,0  ,0  ,0  ,0 ,0 ,0 ,0 ,0 ,0  ,0  ,0 ,0 ,0 ,0 ,0  ,0 ,0 ,0  ,0  ,0  ,0  ,0  ,0  ,0  ,0  ,0  ,0  ,0  ,2  ,0  ,0  ,1  ,0  ,0  ,0  ,1  ,0   ,0   ,1   ,0   ,0   ,0   ,0   ,0   ,0   ,0  ,1  ,0  ,0   ,0   ,0   ,1   ,0   ,0   ,1   ,0   ,0   ,0   ,0   ,0  ,0  ,0  ,41  ,7  ,25 ,87 ,174,145,67 ,46 ,30 ,25 ,20  ,13 ,17 ,17 ,18 ,13  ,12  ,9   ,8   ,6  ,6  ,10  ,5  ,7  ,9  ,3    ,7  ,6  ,11  ,16 ,29  ,25  ,11 ,8  ,12  ,9  ,20  ,10  ,14  ,11  ,11  ,11 ,19  ,20  ,13 ,4   ,3   ,5   ,3   ,4   ,4   ,5   ,7   ,16 ,28  ,9   ,8   ,9   ,9   ,15  ,14  ,26  ,14  ,18  ,18  ,19  ,46  ,45  ,29  ,77  ,1017,917 ,323 ,597 ,951 ,1320,657 ,671  ,697  ,0
0   ,0,0,0  ,0  ,0  ,0 ,0 ,0 ,0 ,0 ,0,0,0 ,0,0 ,0 ,0 ,0 ,0 ,0 ,0 ,0 ,0 ,0 ,0 ,0 ,0 ,0 ,0 ,0 ,0 ,0 ,0,0 ,0 ,0 ,0 ,0 ,0 ,0 ,0 ,0 ,0 ,0,0,0 ,0 ,0,0 ,0 ,0 ,0,0 ,0 ,0 ,0 ,0 ,0 ,0 ,0 ,0 ,0  ,0 ,0,0,0,0,0,0,0,0,0,0,0 ,0 ,0 ,0 ,0 ,0 ,0 ,0 ,0 ,0,0 ,0,0 ,0,0,0 ,0 ,0 ,0,0 ,0 ,0 ,0 ,0 ,0 ,0 ,0 ,0 ,0 ,0 ,0 ,0 ,0 ,0 ,0 ,0 ,0 ,0 ,0 ,0 ,0  ,0  ,0  ,0 ,0 ,0 ,0 ,0 ,0  ,0  ,0 ,0 ,0 ,0 ,0  ,0 ,0 ,0  ,0  ,0  ,0  ,0  ,0  ,0  ,0  ,0  ,0  ,0  ,0  ,0  ,0  ,0  ,0  ,0  ,0  ,0  ,0   ,0   ,0   ,0   ,0   ,0   ,0   ,0   ,0   ,0  ,0  ,0  ,0   ,0   ,0   ,0   ,0   ,0   ,0   ,0   ,0   ,0   ,0   ,0  ,0  ,0  ,0   ,2  ,29 ,4  ,3  ,3  ,3  ,0  ,1  ,1  ,1   ,0  ,2  ,3  ,7  ,5   ,4   ,3   ,3   ,3  ,6  ,19  ,14 ,105,79 ,40   ,52 ,42 ,50  ,34 ,24  ,25  ,16 ,14 ,9   ,11 ,13  ,13  ,10  ,8   ,11  ,10 ,14  ,10  ,8  ,9   ,8   ,7   ,5   ,5   ,5   ,4   ,8   ,7  ,6   ,9   ,6   ,15  ,20  ,13  ,15  ,16  ,14  ,34  ,34  ,38  ,50  ,25  ,47  ,47  ,950 ,1198,492 ,959 ,1195,857 ,631 ,561  ,666  ,0
0   ,0,0,0  ,0  ,0  ,0 ,0 ,0 ,0 ,0 ,0,0,0 ,0,0 ,0 ,0 ,0 ,0 ,0 ,0 ,0 ,0 ,0 ,0 ,0 ,0 ,0 ,0 ,0 ,0 ,0 ,0,0 ,0 ,0 ,0 ,0 ,0 ,0 ,0 ,0 ,0 ,0,0,0 ,0 ,0,0 ,0 ,0 ,0,0 ,0 ,0 ,0 ,0 ,0 ,0 ,0 ,0 ,0  ,0 ,0,0,0,0,0,0,0,0,0,0,0 ,0 ,0 ,0 ,0 ,0 ,0 ,0 ,0 ,0,0 ,0,0 ,0,0,0 ,0 ,0 ,0,0 ,0 ,0 ,0 ,0 ,0 ,0 ,0 ,0 ,0 ,0 ,0 ,0 ,0 ,0 ,0 ,0 ,0 ,0 ,0 ,0 ,0  ,0  ,0  ,0 ,0 ,0 ,0 ,0 ,0  ,0  ,0 ,0 ,0 ,0 ,0  ,0 ,0 ,0  ,0  ,0  ,0  ,0  ,0  ,0  ,0  ,0  ,0  ,0  ,0  ,0  ,0  ,2  ,1  ,0  ,0  ,0  ,0   ,0   ,0   ,1   ,0   ,0   ,0   ,0   ,0   ,0  ,0  ,0  ,0   ,0   ,0   ,0   ,0   ,0   ,0   ,0   ,0   ,0   ,1   ,0  ,1  ,0  ,2   ,39 ,9  ,1  ,14 ,9  ,2  ,10 ,149,118,85  ,49 ,51 ,35 ,34 ,21  ,15  ,21  ,11  ,10 ,12 ,11  ,14 ,4  ,7  ,6    ,5  ,9  ,9   ,6  ,6   ,2   ,4  ,5  ,5   ,3  ,9   ,1   ,4   ,4   ,8   ,9  ,11  ,6   ,6  ,15  ,15  ,23  ,32  ,38  ,26  ,17  ,12  ,8  ,28  ,19  ,8   ,15  ,17  ,17  ,17  ,5   ,15  ,23  ,21  ,12  ,9   ,43  ,33  ,243 ,1598,450 ,335 ,935 ,920 ,1063,782 ,416  ,638  ,0
0   ,0,0,0  ,0  ,0  ,0 ,0 ,0 ,0 ,0 ,0,0,0 ,0,0 ,0 ,0 ,0 ,0 ,0 ,0 ,0 ,0 ,0 ,0 ,0 ,0 ,0 ,0 ,0 ,0 ,0 ,0,0 ,0 ,0 ,0 ,0 ,0 ,0 ,0 ,0 ,0 ,0,0,0 ,0 ,0,0 ,0 ,0 ,0,0 ,0 ,0 ,0 ,0 ,0 ,0 ,0 ,0 ,0  ,0 ,0,0,0,0,0,0,0,0,0,0,0 ,0 ,0 ,0 ,0 ,0 ,0 ,0 ,0 ,0,0 ,0,0 ,0,0,0 ,0 ,0 ,0,0 ,0 ,0 ,0 ,0 ,0 ,0 ,0 ,0 ,0 ,0 ,0 ,0 ,0 ,0 ,0 ,0 ,0 ,0 ,0 ,0 ,0  ,0  ,0  ,0 ,0 ,0 ,0 ,0 ,0  ,0  ,0 ,0 ,0 ,0 ,0  ,0 ,0 ,0  ,0  ,0  ,0  ,0  ,0  ,0  ,0  ,0  ,0  ,0  ,0  ,0  ,0  ,0  ,0  ,0  ,0  ,0  ,0   ,0   ,0   ,0   ,0   ,0   ,3   ,0   ,0   ,0  ,0  ,0  ,0   ,0   ,0   ,0   ,0   ,0   ,1   ,0   ,0   ,0   ,0   ,0  ,0  ,5  ,160 ,274,119,56 ,34 ,28 ,18 ,13 ,13 ,12 ,10  ,6  ,5  ,7  ,7  ,7   ,10  ,6   ,4   ,0  ,2  ,7   ,3  ,7  ,10 ,7    ,15 ,14 ,19  ,13 ,9   ,10  ,3  ,15 ,12  ,6  ,3   ,4   ,3   ,2   ,4   ,1  ,1   ,1   ,1  ,1   ,6   ,7   ,15  ,8   ,9   ,10  ,11  ,12 ,9   ,14  ,7   ,8   ,11  ,11  ,7   ,8   ,10  ,18  ,12  ,22  ,28  ,21  ,13  ,19  ,1447,829 ,371 ,717 ,1092,1072,713 ,446  ,617  ,0
0   ,0,0,0  ,0  ,0  ,0 ,0 ,0 ,0 ,0 ,0,0,0 ,0,0 ,0 ,0 ,0 ,0 ,0 ,0 ,0 ,0 ,0 ,0 ,0 ,0 ,0 ,0 ,0 ,0 ,0 ,0,0 ,0 ,0 ,0 ,0 ,0 ,0 ,0 ,0 ,0 ,0,0,0 ,0 ,0,0 ,0 ,0 ,0,0 ,0 ,0 ,0 ,0 ,0 ,0 ,0 ,0 ,0  ,0 ,0,0,0,0,0,0,0,0,0,0,0 ,0 ,0 ,0 ,0 ,0 ,0 ,1 ,6 ,5,0 ,3,2 ,1,3,1 ,0 ,0 ,1,1 ,1 ,3 ,0 ,0 ,1 ,0 ,1 ,6 ,3 ,3 ,0 ,1 ,2 ,2 ,1 ,4 ,0 ,5 ,2 ,4 ,1  ,5  ,1  ,2 ,1 ,5 ,4 ,2 ,1  ,2  ,2 ,6 ,9 ,11,9  ,9 ,15,9  ,9  ,12 ,4  ,5  ,6  ,3  ,3  ,2  ,1  ,2  ,1  ,2  ,5  ,4  ,2  ,3  ,3  ,6  ,2   ,3   ,4   ,3   ,4   ,5   ,4   ,3   ,0   ,0  ,1  ,0  ,0   ,1   ,2   ,3   ,0   ,0   ,0   ,0   ,0   ,1   ,4   ,4  ,1  ,1  ,2   ,1  ,2  ,0  ,1  ,2  ,7  ,7  ,9  ,8  ,13  ,4  ,2  ,1  ,4  ,0   ,1   ,2   ,3   ,0  ,3  ,1   ,3  ,4  ,4  ,6    ,4  ,8  ,9   ,7  ,6   ,4   ,0  ,7  ,3   ,10 ,16  ,30  ,31  ,51  ,29  ,21 ,15  ,24  ,1  ,0   ,0   ,0   ,0   ,0   ,0   ,1   ,7   ,9  ,17  ,15  ,14  ,31  ,32  ,13  ,8   ,6   ,4   ,1   ,0   ,0   ,0   ,0   ,0   ,0   ,2   ,0   ,3   ,297 ,512 ,244 ,635 ,956  ,4092 ,0
0   ,0,0,0  ,0  ,0  ,0 ,0 ,0 ,0 ,0 ,0,0,0 ,0,0 ,0 ,0 ,0 ,0 ,0 ,0 ,0 ,0 ,0 ,0 ,0 ,0 ,0 ,0 ,0 ,0 ,0 ,0,0 ,0 ,0 ,0 ,0 ,0 ,0 ,0 ,0 ,0 ,0,0,0 ,0 ,0,0 ,0 ,0 ,0,0 ,0 ,0 ,0 ,0 ,0 ,0 ,0 ,0 ,0  ,0 ,0,0,0,0,0,0,0,0,0,0,0 ,0 ,0 ,0 ,0 ,0 ,0 ,0 ,0 ,2,2 ,2,1 ,0,1,2 ,1 ,0 ,1,0 ,0 ,2 ,0 ,0 ,0 ,0 ,2 ,0 ,3 ,0 ,1 ,0 ,0 ,3 ,0 ,0 ,0 ,0 ,0 ,0 ,1  ,0  ,1  ,1 ,0 ,0 ,0 ,1 ,0  ,0  ,0 ,3 ,0 ,0 ,0  ,1 ,2 ,3  ,2  ,0  ,0  ,0  ,0  ,0  ,0  ,2  ,5  ,2  ,1  ,0  ,1  ,2  ,2  ,1  ,2  ,0  ,1   ,1   ,2   ,0   ,9   ,6   ,0   ,0   ,5   ,5  ,3  ,3  ,5   ,2   ,3   ,1   ,2   ,8   ,10  ,10  ,9   ,7   ,6   ,3  ,3  ,3  ,2   ,1  ,4  ,1  ,1  ,1  ,3  ,6  ,3  ,3  ,0   ,5  ,3  ,4  ,2  ,3   ,2   ,2   ,7   ,5  ,3  ,6   ,2  ,5  ,6  ,2    ,4  ,3  ,4   ,3  ,5   ,2   ,1  ,0  ,0   ,3  ,1   ,0   ,4   ,3   ,1   ,5  ,1   ,4   ,0  ,8   ,7   ,4   ,7   ,11  ,16  ,13  ,15  ,22 ,44  ,24  ,18  ,16  ,18  ,17  ,19  ,47  ,96  ,46  ,25  ,0   ,0   ,0   ,1   ,0   ,0   ,0   ,3   ,213 ,482 ,205 ,382 ,1269 ,3976 ,0
0   ,0,0,0  ,0  ,0  ,0 ,0 ,0 ,0 ,0 ,0,0,0 ,0,0 ,0 ,0 ,0 ,0 ,0 ,0 ,0 ,0 ,0 ,0 ,0 ,0 ,0 ,0 ,0 ,0 ,0 ,0,0 ,0 ,0 ,0 ,0 ,0 ,0 ,0 ,0 ,0 ,0,0,0 ,0 ,0,0 ,0 ,0 ,0,0 ,0 ,0 ,0 ,0 ,0 ,0 ,0 ,0 ,0  ,0 ,0,0,0,0,0,0,0,0,0,0,10,12,16,14,1 ,2 ,1 ,0 ,2 ,0,0 ,0,0 ,0,0,0 ,0 ,0 ,0,1 ,1 ,0 ,2 ,0 ,0 ,0 ,0 ,0 ,0 ,0 ,0 ,0 ,0 ,0 ,0 ,0 ,0 ,0 ,0 ,0 ,0  ,0  ,0  ,9 ,1 ,0 ,0 ,5 ,1  ,0  ,2 ,2 ,1 ,0 ,0  ,0 ,0 ,0  ,0  ,0  ,0  ,0  ,0  ,3  ,0  ,1  ,1  ,0  ,1  ,0  ,9  ,9  ,7  ,8  ,4  ,2  ,3   ,17  ,13  ,105 ,218 ,127 ,49  ,26  ,26  ,16 ,1  ,4  ,2   ,2   ,0   ,4   ,1   ,0   ,1   ,0   ,0   ,0   ,0   ,1  ,0  ,1  ,0   ,0  ,0  ,0  ,4  ,41 ,22 ,0  ,0  ,0  ,0   ,1  ,0  ,0  ,0  ,0   ,0   ,0   ,0   ,1  ,0  ,1   ,1  ,0  ,0  ,0    ,0  ,0  ,0   ,1  ,0   ,0   ,0  ,0  ,0   ,0  ,1   ,0   ,0   ,0   ,0   ,0  ,0   ,0   ,0  ,2   ,0   ,1   ,0   ,0   ,0   ,1   ,0   ,0  ,1   ,0   ,0   ,0   ,1   ,0   ,0   ,1   ,0   ,1   ,1   ,2   ,5   ,21  ,6   ,14  ,16  ,23  ,21  ,37  ,54  ,984 ,2566,3263 ,2726 ,0
0   ,0,0,0  ,0  ,0  ,2 ,1 ,3 ,1 ,1 ,3,1,1 ,0,1 ,1 ,0 ,2 ,1 ,1 ,1 ,0 ,0 ,0 ,2 ,2 ,3 ,2 ,1 ,1 ,0 ,4 ,2,2 ,1 ,1 ,1 ,0 ,1 ,0 ,2 ,1 ,0 ,0,0,1 ,0 ,1,2 ,2 ,0 ,1,0 ,1 ,1 ,0 ,1 ,2 ,0 ,2 ,1 ,0  ,1 ,1,16,73,84,57,36,26,35,29,21,20,36,52,68,47,43,34,24,29,40,34,44,43,36,54,31,36,52,35,53,37,62,34,45,47,37,50,236,116,146,134,126,119,84,74,60,72,84,91,78,87 ,68 ,78 ,64,73,81,47,64,59 ,67 ,63,80,54,73,66 ,79,91,82 ,98 ,75 ,74 ,100,112,110,122,307,237,96 ,98 ,88 ,95 ,109,84 ,96 ,91 ,118,112 ,94  ,99  ,75  ,66  ,52  ,81  ,51  ,85  ,67 ,62 ,85 ,72  ,82  ,101 ,76  ,70  ,70  ,83  ,67  ,65  ,78  ,68  ,74 ,60 ,87 ,134 ,874,365,107,62 ,92 ,53 ,85 ,72 ,91 ,80  ,85 ,60 ,75 ,50 ,67  ,76  ,79  ,53  ,64 ,52 ,71  ,81 ,88 ,82 ,83   ,65 ,68 ,73  ,75 ,92  ,95  ,118,199,427 ,604,576 ,727 ,774 ,674 ,721 ,660,827 ,930 ,867,773 ,936 ,1169,1043,428 ,87  ,82  ,84  ,79 ,63  ,56  ,57  ,68  ,68  ,104 ,245 ,196 ,276 ,1014,615 ,374 ,263 ,233 ,388 ,379 ,451 ,773 ,1155,1091,792 ,949 ,2715,2843 ,179  ,0
0   ,0,0,0  ,0  ,0  ,0  ,0  ,0  ,0  ,0  ,0  ,0  ,0  ,0 ,0 ,0 ,0 ,0 ,0 ,0 ,0 ,0 ,0 ,0 ,0 ,0  ,0  ,0  ,0  ,0 ,0 ,0 ,0 ,0 ,0 ,0 ,0 ,0 ,0 ,0 ,0 ,0 ,0  ,0  ,0  ,0  ,0  ,0  ,0 ,0 ,0 ,0 ,0 ,0  ,0 ,0 ,0  ,0 ,0  ,0 ,0  ,0  ,0  ,0  ,0  ,0  ,0  ,0  ,0  ,0  ,0 ,0 ,0 ,0 ,0 ,0 ,0 ,0 ,0 ,0 ,0 ,0 ,0 ,0 ,0 ,0 ,0 ,0 ,0 ,0 ,0 ,0 ,0 ,0 ,0 ,0 ,0 ,0 ,0 ,0 ,2  ,29 ,225,38 ,18 ,16 ,14 ,10 ,5  ,2 ,17,52,4  ,11 ,4  ,0  ,1  ,1  ,2  ,1  ,92 ,0  ,0  ,0 ,4 ,0 ,5 ,8  ,2 ,1 ,0  ,1  ,0  ,3  ,1  ,0  ,0  ,0  ,1  ,0  ,0  ,0  ,2  ,1  ,0  ,0  ,0  ,0  ,0  ,0   ,0   ,1   ,0   ,0   ,0   ,0   ,0   ,0   ,0  ,0  ,0  ,0   ,0   ,0   ,0   ,0   ,0   ,0   ,0   ,0   ,0   ,0   ,0  ,0  ,0  ,0   ,0  ,0  ,0  ,0  ,0  ,0  ,0  ,0  ,0  ,0   ,0  ,0  ,0  ,0  ,1   ,1   ,2   ,5   ,5  ,1  ,1   ,1  ,2  ,0  ,2    ,0  ,0  ,0   ,1  ,1   ,1   ,0  ,0  ,1   ,4  ,1   ,5   ,3   ,2   ,3   ,5  ,7   ,0   ,5  ,47  ,6   ,5   ,3   ,18  ,55  ,45  ,67  ,250,1570,706 ,2514,1767,519 ,2105,1592,78  ,16  ,0   ,0   ,0   ,0   ,0   ,0   ,0   ,0   ,0   ,0   ,0   ,0   ,0   ,0   ,0    ,0    ,0
0   ,0,0,8  ,18 ,584,828,374,331,194,232,162,143,108,92,83,61,71,58,60,78,78,65,66,71,70,129,106,204,188,80,72,80,54,39,56,57,73,53,52,65,68,68,126,201,251,252,200,126,83,85,93,80,75,125,93,89,100,86,120,86,166,138,177,111,113,101,103,134,183,119,98,79,76,59,63,57,58,64,89,90,90,61,56,79,42,47,56,61,58,51,51,36,32,34,28,43,32,50,31,64,55 ,52 ,56 ,64 ,107,124,143,138,143,91,56,50,166,162,120,105,119,155,144,157,136,120,117,80,94,78,52,85 ,68,95,151,154,85 ,84 ,78 ,97 ,73 ,61 ,80 ,85 ,90 ,80 ,78 ,78 ,94 ,106,101,105,117,86  ,79  ,92  ,133 ,132 ,123 ,141 ,112 ,108 ,78 ,64 ,74 ,51  ,64  ,54  ,48  ,54  ,35  ,40  ,34  ,63  ,44  ,62  ,23 ,40 ,33 ,30  ,26 ,36 ,32 ,27 ,19 ,30 ,23 ,34 ,25 ,25  ,25 ,20 ,14 ,24 ,23  ,22  ,35  ,43  ,30 ,122,88  ,92 ,151,161,84   ,40 ,31 ,45  ,97 ,395 ,220 ,157,162,94  ,98 ,204 ,144 ,94  ,56  ,72  ,82 ,68  ,86  ,37 ,25  ,28  ,15  ,14  ,17  ,18  ,22  ,15  ,21 ,30  ,23  ,21  ,18  ,16  ,33  ,40  ,57  ,40  ,44  ,40  ,55  ,75  ,78  ,103 ,105 ,101 ,133 ,250 ,620 ,1190,227 ,66  ,515  ,5776 ,0
